school,college,department,track,deadline,quota,assessment_weights,other_req,docs_required,interview_required,written_exam_required,link_apply,note,,,,,,,,,,,,,,,,
國立政治大學,文學院,中國文學系,,2025/10/14,9,"1. 書審50%
2. 面試50%","一、須符合下列三項資格之一：
1. 國內大學學士班本科系或相關科系(曾修中國文學課程 24 學分以上)畢業(含
應屆)生，在校學業成績總平均名次在全班前 50%以內，操行成績總平均 80 分
以上或相當成績之等第。
2. 國內研究所畢業(含應屆)生。
3. 境外大學學士班或研究所畢業(含應屆)生，經報考系所主管核准報考者。
二、不受理同等學力。","1. 自傳(一千字以內)。
2. 學士班學業成績總平均排名證明及操行成績證明(至少一份正本)。
3. 學士班歷年成績單總表(至少一份正本)。
4. 研究計畫與學術代表作：研究計畫之題目、內容,不得與學術代表作及
已獲補助之研究計畫相同。
5. 其他有利審查資料：如已獲補助之研究計畫及其證明、參與研究計畫證
明、參加學術或藝文活動證明、研究報告或成果等,足以顯示具學術研
究潛力之資料。","【參加資格】依資料審查加權後之成績擇優選取至多 20 名參加面試。
【面試日期】11 月 8 日(星期六),上午 9:00 起。
【注意事項】面試名單及相關資訊於 11 月 4 日公布於本系網頁。",,"https://www.nccu.edu.tw/p/406-1000-20476,r123.php?Lang=zh-tw","一、考生參加第二階段面試時,得攜帶報名時繳交之審查資料應試。
二、未獲錄取之考生,請於錄取名單公告後一個月內,至本系領回報考資料,逾期未領回,視同放棄該資料,將由本系全權處理。",,,,,,,,,,,,,,,,
國立政治大學,文學院,歷史學系,,2025/10/14,7,"1. 書審40%
2. 面試60%",國內外大學學士班或研究所畢業（含應屆）；不受理同等學力。,"1. 自傳。
2. 學業成績總平均排名證明。
3. 歷年成績單總表(需加蓋學校校印或教務處章戳)。
4. 研究計畫。
5. 其他有利審查資料：如已出版之正式學術論文、未出版專題報告、獲補
助研究計畫之證明、歷史相關競賽之得獎證明。
6. 教師推薦函 1 份。","【參加資格】全體考生
【面試日期】11 月 10 日(星期一)(詳細時間公布於本系網頁)
【注意事項】面試相關資訊於面試前 5 日公布於本系網頁。",,"https://www.nccu.edu.tw/p/406-1000-20476,r123.php?Lang=zh-tw","考試任何一項或科目零分者,不予錄取。",,,,,,,,,,,,,,,,
國立政治大學,文學院,哲學系,,2025/10/14,6,"1. 書審40%
2. 面試60%",,"1. 自傳(一千字以內)。
2. 學歷證明文件(畢業生請附畢業證書影本,應屆畢業生請附在學證明)。
3. 歷年成績單總表(需加蓋校印或教務處章戳)。
4. 研究計畫(需包含研究主題、研究動機與目的、文獻探討、研究方法、
參考文獻)。
5. 其他有利審查資料：如研究報告或學術作品等。","【參加資格】全體考生。
【面試日期】11 月 12 日(星期三),下午 1:30 起。
【注意事項】面試相關資訊於面試前 5 日公布於本系網頁。",,https://www.nccu.edu.tw/p/406-1000-20476，r123.php?Lang=zh-tw,"考試任何一項或科目零分者,不予錄取。",,,,,,,,,,,,,,,,
國立政治大學,文學院,圖書資訊與檔案學研究所,圖書資訊學組,2025/10/14,8,"1. 書審50%
2. 面試50%",,"1. 自傳(含生涯規劃及學習計畫)。
2. 研究計畫或讀書計畫。
3. 歷年成績單總表(大學應屆畢業生需加附學業成績總平均排名證明)。
4. 其他有利審查資料：例如專題研究成果、個人作品、小論文、設計系統、設計網頁、社團參與等。","【參加資格】依資料審查加權後之成績擇優選取至多 20 名參加面試。
【面試日期】11 月 10 日(星期一)(詳細時間公布於本所網頁)
【注意事項】面試名單及相關資訊於 11 月 6 日公布於本所網頁。",,"https://www.nccu.edu.tw/p/406-1000-20476,r123.php?Lang=zh-tw","考試任何一項或科目零分者,不予錄取。",,,,,,,,,,,,,,,,
國立政治大學,文學院,圖書資訊與檔案學研究所,檔案學組,2025/10/14,4,"1. 書審50%
2. 面試50%",,"1. 自傳(含生涯規劃及學習計畫)。
2. 研究計畫或讀書計畫。
3. 歷年成績單總表(大學應屆畢業生需加附學業成績總平均排名證明)。
4. 其他有利審查資料：例如專題研究成果、個人作品、小論文、設計系統、設計網頁、社團參與等。","【參加資格】依資料審查加權後之成績擇優選取至多 10 名參加面試。
【面試日期】11 月 10 日(星期一)(詳細時間公布於本所網頁)
【注意事項】面試名單及相關資訊於 11 月 6 日公布於本所網頁。",,"https://www.nccu.edu.tw/p/406-1000-20476,r123.php?Lang=zh-tw","考試任何一項或科目零分者,不予錄取。",,,,,,,,,,,,,,,,
國立政治大學,文學院,宗教研究所,,2025/10/14,3,"1. 書審60%
2. 面試40%","須符合下列四項資格之一：
一、國內大學學士班本科系或相關科系畢業(含應屆)生，在校學業成績總平均名次
在全班前 50%以內。
二、國內研究所畢業(含應屆)生。
三、境外大學學士班或研究所畢業(含應屆)生，經報考系所主管核准報考者。
四、符合同等學力者。","1. 自傳(內含履歷表)。
2. 學歷證明文件(畢業生請附畢業證書影本，應屆畢業生免繳，符合同等
學力者附在校學業成績證明或證明文件)。
3. 研究計畫。
4. 成績單總表暨排名證明(需加蓋學校校印或教務處章戳)。
5. 其他有利審查資料：如研究報告、學術作品等。
6. 推薦信 2 份。","【參加資格】全體考生。
【面試日期】11 月 10 日(星期一),上午 10:00 起。
【注意事項】1.面試相關資訊於面試前 7 日公布於本所網頁。

2.面試當天考生須攜帶成績單總表暨排名證明正本資料,供查
驗;另,考生若有相關外語能力證明文件者,亦可於當日提",,"https://www.nccu.edu.tw/p/406-1000-20476,r123.php?Lang=zh-tw",,,,,,,,,,,,,,,,,
國立政治大學,文學院,台灣史研究所,,2025/10/14,7,"1. 書審50%
2. 面試50%",不受理同等學力。,"1. 自傳。
2. 歷年成績單總表(含學業成績總平均排名證明)。持研究所學歷者，可免附排名證明，惟需同時附大學及研究所成績單總表。
3. 研究計畫。
4. 其他有利審查資料：如參與研究計畫證明、參加學術研習活動證明、研
究報告或學術論文等，足以顯示具學術研究潛力之資料。","【參加資格】全體考生。
【面試日期】11 月 7 日(星期五)(詳細時間公布於本所網頁)
【注意事項】面試相關資訊於面試前 3 日公布於本所網頁,不另行通知。",,"https://www.nccu.edu.tw/p/406-1000-20476,r123.php?Lang=zh-tw",,,,,,,,,,,,,,,,,
國立政治大學,文學院,台灣文學研究所,,2025/10/14,5,"1. 書審50%
2. 面試50%","一、須符合下列三項資格之一：
1. 國內大學學士班畢業(含應屆)生，且在校學業成績總平均名次在全班前 40%以
內，或曾執行國科會大專學生研究計畫者。
2. 國內研究所畢業(含應屆)生。
3. 境外大學學士班或研究所畢業(含應屆)生，經報考系所主管核准報考者。
二、不受理同等學力。","1. 自傳。
2. 學業成績總平均排名證明。
3. 歷年成績單總表。
4. 研究計畫。
5. 其他有利審查資料：若有參與研究計畫證明、參加學術研習活動證明、研究報告或學術論文等，足以顯示具學術研究潛力之資料，可一併附上；若無則免。","【參加資格】全體考生。
【面試日期】11 月 8 日(星期六)(詳細時間公布於本所網頁)
【注意事項】面試相關資訊於面試前 3 日公布於本所網頁。",,"https://www.nccu.edu.tw/p/406-1000-20476,r123.php?Lang=zh-tw","考試任何一項或科目零分者,不予錄取。",,,,,,,,,,,,,,,,
國立政治大學,文學院,華語文教學碩士學位學程,,2025/10/14,9,"1. 書審50%
2. 面試50%",國內外大學學士班或研究所畢業(含應屆)；不受理同等學力。,"1. 自傳(中文撰寫)。
2. 歷年成績單總表。
3. 研究計畫(中文撰寫，含未來研究方向)。
4. 其他有利審查資料：如語文檢定證明、學術著作、專題報告、國際實習經驗等。無則免附。","【參加資格】依資料審查加權後之成績擇優選取至多 24 名參加面試。
【面試日期】11 月 8 日(星期六)(詳細時間公布於本學程網頁)
【注意事項】面試名單及相關資訊於 11 月 4 日下午 5:00 公告於本學程網頁，不另行通知。",,"https://www.nccu.edu.tw/p/406-1000-20476,r123.php?Lang=zh-tw",,,,,,,,,,,,,,,,,
國立政治大學,教育學院,教育學系,,2025/10/14,5,"1. 書審40%
2. 面試60%",不受理同等學力。,"1. 考生基本資料表(請至本系網頁下載使用)。
2. 學業成績單。
3. 其他有利審查資料：如教師證書、語文檢定證明、著作發表、學術成就、大專生參加國科會專題研究獲選案、擔任教授的助理、特殊專長能力、領導經驗、資訊能力、作品集、志工經驗、教學實務經驗、或其他足以代表傑出表現的各項得獎證明等，無則免附。","【參加資格】依資料審查加權後之成績擇優選取至多 20 名參加面試。
【面試日期】11 月 7 日(星期五)(詳細時間公布於本系網頁)
【注意事項】面試名單及相關資訊於 11 月 4 日公布於本系網頁,考生請自行上網查詢,不另行通知。",,"https://www.nccu.edu.tw/p/406-1000-20476,r123.php?Lang=zh-tw","考試任何一項或科目零分者,不予錄取。",,,,,,,,,,,,,,,,
國立政治大學,教育學院,幼兒教育研究所,,2025/10/14,8,"1. 書審50%
2. 面試50%",國內外大學學士班或研究所畢業(含應屆)；不受理同等學力。,"1. 考生基本資料表(請於本所網站下載)。
2. 學業成績單。
3. 其他有利審查資料：語文檢定證明、教師證書、研究發表或獲獎、相關工作經驗、資訊能力或其他傑出表現等，無則免附。","【參加資格】全體考生。
【面試日期】11 月 14 日(星期五)(詳細時間公布於本所網頁)
【注意事項】面試名單及相關資訊於 11 月 11 日下午 5:00 前公布於本所網頁,不另行通知。",,"https://www.nccu.edu.tw/p/406-1000-20476,r123.php?Lang=zh-tw",,,,,,,,,,,,,,,,,
國立政治大學,教育學院,教育行政與政策研究所,,2025/10/14,7,"1. 書審50%
2. 面試50%",國內外大學學士班或研究所畢業(含應屆)；不受理同等學力。,"1. 考生基本資料表(請至本所網頁下載使用)。
2. 學業成績單。
3. 其他有利審查資料(無則免附)。","【參加資格】全體考生。
【面試日期】11 月 7 日(星期五)(詳細時間公布於本所網頁)
【注意事項】面試名單及相關資訊於 11 月 4 日下午 5:00 前公布於本所網頁,不另行通知。",,"https：//www.nccu.edu.tw/p/406-1000-20476,r123.php?Lang=zh-tw","考試任何一項或科目零分者,不予錄取。",,,,,,,,,,,,,,,,
國立政治大學,教育學院,輔導與諮商碩士學位學程,,2025/10/14,5,"1. 書審40%
2. 面試60%","一、須符合下列三項資格之一：
1. 國內大學學士班教育系、心理系、輔導諮商系等相關科系之畢業(含應屆)生，
在校學業成績總平均名次在全班前 50%以內，且總平均成績在 75 分以上，操行
成績總平均 80 分以上或相當成績之等第。
2. 國內研究所畢業(含應屆)生。
3. 境外大學學士班或研究所畢業(含應屆)生。
二、 不受理同等學力。","1. 考生資料表:請至本學程網站下載填寫。
2. 研究計畫:以 10 頁為限。
3. 學歷證明文件(最高學歷畢業證書，應屆畢業生，請附已蓋註冊章戳之學生證或在學證明)。
4. 學業成績證明:歷年成績單總表及學業成績總平均排名證明，持研究所或境外學歷者，得免附排名證明。
5. 其他有利審查資料:如已獲補助之研究計劃、參與研究、著作發表、學術成就、輔導實務經驗、外語檢定考試或其他傑出表現及得獎證明等。","【參加資格】依資料審查加權後之成績擇優選取至多 20 名參加面試。
【面試日期】11 月 14 日(星期五)(詳細時間公布於本學程網頁)
【注意事項】面試名單及相關資訊於 11 月 7 日公布於本學程網頁,不另行通知。",,"https：//www.nccu.edu.tw/p/406-1000-20476,r123.php?Lang=zh-tw","考試任何一項或科目零分者,不予錄取。",,,,,,,,,,,,,,,,
國立政治大學,社會科學學院,政治學系,,2025/10/14,9,"1. 書審40%
2. 面試60%",國內外大學學士班或研究所畢業(含應屆)；不受理同等學力。,"1. 自傳。
2. 歷年成績單總表(需加蓋學校校印或教務處章戳)。
3. 研究計畫(含生涯規劃及學習計畫)。
4. 其他有利審查資料(至少一件)：如學術著作、研究報告或成果等。
5. 推薦信 2 份。","【參加資格】依資料審查加權後之成績擇優選取至多 18 名參加面試。
【面試日期】11 月 10 日(星期一),上午 9:00 起。
【注意事項】面試名單及相關資訊於 11 月 4 日公布於本系網頁。",,"https://www.nccu.edu.tw/p/406-1000-20476,r123.php?Lang=zh-tw","一、考試任何一項或科目零分者,不予錄取。
二、資料審查成績包含研究計畫、學術著作、研究報告或成果等審查資料。
三、符合面試資格之考生,面試時不得攜帶任何資料進入試場。",,,,,,,,,,,,,,,,
國立政治大學,社會科學學院,社會學系,,2025/10/14,12,"1.書審40%
2.面試60%",國內外大學學士班或研究所畢業(含應屆)；不受理同等學力。,"1. 考生基本資料表(請至本系網頁點選招生資訊/碩士班下載)。
2. 研究計畫。
3. 自傳。
4. 歷年成績單總表(持研究所學歷者,需同時附大學及研究所成績單總表)。
5. 其他有利審查資料：如社團經歷、工作經驗、語言成績、全國性比賽獲獎
證書等。","【參加資格】依資料審查加權後之成績擇優選取至多26 名參加面試。
【面試日期】11 月17 日（星期一）（詳細時間公布於本系網頁）。
【注意事項】面試名單及相關資訊於11 月13 日前公布於本系網頁。",,"https://www.nccu.edu.tw/p/406-1000-20476,r123.php?Lang=zh-tw",考試任何一項或科目零分者，不予錄取。,,,,,,,,,,,,,,,,
國立政治大學,社會科學學院,財政學系,,2025/10/14,18,"1.書審40%
2.面試60%","一、須符合下列三項資格之一：
1. 國內大學學士班畢業（含應屆）生，在校學業成績總平均名次在全系或全班前
30%以內。
2. 國內研究所畢業（含應屆）生。
3. 境外大學學士班或研究所畢業（含應屆）生。
二、不受理同等學力。","1. 學業成績總平均排名證明。 
2. 歷年成績單總表。 
3. 自傳。 
4. 讀書計畫:包含進修動機、研究興趣及生涯發展規劃等。 
5. 其他有利審查資料:如國科會暑期專題計畫、學術著作、獎學金證明、 GRE 或 TOEFL 成績、研究報告等。","【參加資格】依資料審查加權後之成績擇優選取至多30 名參加面試。
【面試日期】11 月17 日（星期一），上午9:00 起。
【注意事項】面試名單及相關資訊於面試前3 日公布於本系網頁。",,"https://www.nccu.edu.tw/p/406-1000-20476,r123.php?Lang=zh-tw","一、考試任何一項或科目零分者，不予錄取。
二、資料審查成績包含：
1. 讀書計畫及其他有利審查資料 （25%）。
2. 學業成績（學業成績總平均排名證明、歷年成績）（15%）。
三、面試成績包含：
1. 專業知識及研究經驗成績 （50%）。
2. 其他 （10%）。
四、本系碩士班修課分為稅務組及公共經濟組，入學後至少擇一為主修組別。",,,,,,,,,,,,,,,,
國立政治大學,社會科學學院,公共行政學系,一般生組,2025/10/14,12,"1.書審40%
2.面試60%","一、須符合下列三項資格之一：
1. 國內大學學士班畢業（含應屆）生，在校學業成績總平均名次在全班前50%以
內。
2. 國內研究所畢業（含應屆）生。
3. 境外大學學士班或研究所畢業（含應屆）生，經報考系所主管核准報考者。
二、不受理同等學力。","1. 考生基本資料表(表格請至公行系網頁「最新消息」下載)。
2. 學業成績總平均排名證明。
3. 歷年成績單總表。
4. 英語能力檢定證明(如 TOEIC、TOEFL、全民英檢、IELTS、CSEPT)。
5. 國科會大專學生專題研究計畫(無則免附)。
6. 研究計畫:為報考本次考試所撰寫之學術性研究計畫,內容不得與「學
術論著」重複並至少包括: (1)研究主題 (2)研究動機與目的 (3)研究範
圍與內容 (4)研究方法 (5)參考文獻。
7. 其他有利審查資料:如學術期刊文章、學術研討會文章、公共事務參與、
公益服務、國際交換生經驗、國外遊學經驗、實習經驗等資料及證明文
件。
※請依考生基本資料表內所列順序依序合併裝訂成冊,共一式三份。","【參加資格】依資料審查加權後之成績擇優選取招生名額至多2 倍人數參加
面試。
【面試日期】11 月14 日（星期五）（詳細時間本系網頁公告）
【注意事項】面試名單及相關資訊於面試前3 日公布於本系網頁。",,"https://www.nccu.edu.tw/p/406-1000-20476,r123.php?Lang=zh-tw","資料審查評分項目：
1. 英語能力檢定證明（10%）
2. 其他審查資料（30%）",,,,,,,,,,,,,,,,
國立政治大學,社會科學學院,公共行政學系,在職生組,2025/10/14,2,"1.書審40%
2.面試60%","一、須符合下列三項資格之一：
1. 國內大學學士班畢業並累計三年以上工作經驗（工作年資計算，一律自工作證明
書所載日期起計，算至報名截止日，不含服義務役年資）。
2. 國內研究所畢業（含應屆）生。
3. 境外大學學士班或研究所畢業（含應屆）生，經報考系所主管核准報考者。
二、取得「服務機關同意報考證明書」之在職人員。
三、不受理同等學力。","1. 考生基本資料表(表格請至公行系網頁「最新消息」下載)。
2. 歷年成績單總表。
3. 英語能力檢定證明(如 TOEIC、TOEFL、全民英檢、IELTS、CSEPT)。
4. 國科會大專學生專題研究計畫(無則免附)。
5. 研究計畫:為報考本次考試所撰寫之學術性研究計畫,內容不得與「學
術論著」重複並至少包括:(1)研究主題 (2)研究動機與目的 (3)研究範圍
與內容 (4)研究方法 (5)參考文獻。
6. 其他有利審查資料:如學術期刊文章、學術研討會文章、公共事務參與、
公益服務、個人專業工作成就等資料及證明文件。
7. 服務機關同意報考證明書(表格請至本系網頁「最新消息」下載)。
※請依考生基本資料表內所列順序依序合併裝訂成冊,共一式三份(第 7 項
請提供正本一份及影本二份)。","【參加資格】依資料審查加權後之成績擇優選取至多4 名參加面試。
【面試日期】11 月14 日（星期五）（詳細時間本系網頁公告）
【注意事項】面試名單及相關資訊於面試前3 日公布於本系網頁。",,"https://www.nccu.edu.tw/p/406-1000-20476,r123.php?Lang=zh-tw","一、資料審查評分項目：
1. 英語能力檢定證明（10%）
2. 其他審查資料（30%）
二、本碩士班在職生上課時間與一般生相同。",,,,,,,,,,,,,,,,
國立政治大學,社會科學學院,地政學系,,2025/10/14,15,"1.書審40%
2.面試60%","一、 須符合下列三項資格之一：
1. 國內大學院校學士班畢業（含應屆）生.
2. 國內研究所畢業（含應屆）生。
3. 境外大學學士班或研究所畢業（含應屆）生，經報考系所主管核准報考者。
二、不受理同等學力。","1. 考生基本資料表(表格請至本系網頁下載,請繕打資料,並插入親筆簽名
之掃描檔案後,轉檔上傳)。
2. 研究計畫。
3. 學業成績總平均排名證明。
4. 歷年成績單總表。
5. 其他有利審查資料:如已發表之學術著作、社團經驗、工作經驗、語言成
績、全國性比賽獲獎證明書或特殊服務證明等。
※檔案請以 A4 格式製作,並將相關資料掃描或編輯製作成 PDF 檔案上傳。","【參加資格】依資料審查加權後之成績擇優選取至多45 名參加面試。
【面試日期】11 月8 日（星期六），上午8:10 起
【注意事項】面試名單及相關資訊於11 月5 日上午10 時公布於本系網頁，
不另行通知。",,"https://www.nccu.edu.tw/p/406-1000-20476,r123.php?Lang=zh-tw","一、 考試任何一項或科目零分者，不予錄取。
二、 資料審查成績特優考生得逕行錄取（至多7 名），不必參加面試。
三、 申請碩士班甄試入學之學生，應於「考生基本資料表」選填「土地與環境規劃
組」、「不動產管理與法制組」或「土地測量與空間資訊組」之研究主題所屬組
別，若獲錄取，所選之組別仍可依研究主題之調整有所異動。
四、 本系部分課程採英語授課。",,,,,,,,,,,,,,,,
國立政治大學,社會科學學院,經濟學系,,2025/10/14,20,"1.書審50%
2.面試50%",不受理同等學力。,"1. 考生基本資料表(請至本系網頁下載使用)。
2. 學業成績總平均排名證明。
3. 歷年成績單總表。
4. 研究計畫。
5. 其他有利審查資料:如正式發表的論文著作、國科會大專學生研究計畫
報告、外語檢定證明等。
6. 推薦信 2 份(請至本系網頁下載使用)。
※第 1 至 5 項資料請考生自行上傳;第 6 項資料由推薦人上傳,上傳程序
請詳簡章第 7 頁。","【參加資格】依資料審查加權後之成績擇優選取至多50 名參加面試。
【面試日期】11 月14 日（星期五）（詳細時間本系網頁公告）
【注意事項】面試名單及相關資訊於面試前3 日公布於本系網頁。",,"https://www.nccu.edu.tw/p/406-1000-20476,r123.php?Lang=zh-tw","一、 考試任何一項或科目零分者，不予錄取。
二、 本系部分課程採英語授課。",,,,,,,,,,,,,,,,
國立政治大學,社會科學學院,民族學系,,2025/10/14,3,"1.書審30%
2.面試30%
3.筆試40%","須符合下列五項資格之一：
1.國內大學學士班應屆畢業生，在校學業成績總平均名次在全班前50%以內，操行成績總平均80分以上，或已有正式學術論文在具審查制度之平面出版刊物上發表。
2.國內大學學士班畢業生。
3.符合同等學力者：附在校學業成績證明（相當高考類科及格者免附）。
4.國內研究所畢業（含應屆）生。
5.境外大學學士班或研究所畢業（含應屆）生，經報考系所主管核准報考者。","1. 自傳。
2. 學業成績總平均排名證明(非應屆畢業生免附)。
3. 歷年成績單總表。
4. 研究計畫。
5. 學士班畢業生或同等學力應試者,若具有民族事務相關工作經驗(含偏
遠地區教師),或對民族有研究曾發表論文尤佳。
6. 其他有利審查資料:正式發表的著作及論文、田野工作證明、研究助理
證明、民族事務服務證明、少數民族語文能力證明等。
※請依序將第 1 至 6 項資料合併裝訂成冊,共一式五份(第 2 至 3 項請提
供正本一份及影本四份)。","【參加資格】全體考生。
【面試日期】11 月8 日（星期六），下午13:00 起。
【注意事項】面試相關資訊於面試前3 日公布於本系網頁。","【筆試日期】11 月8 日（星期六）10:20-12:00
【筆試科目】民族學與人類學
【注意事項】筆試相關資訊於考試前3 日公布於本系網頁。","https://www.nccu.edu.tw/p/406-1000-20476,r123.php?Lang=zh-tw",考試任何一項或科目零分者，不予錄取。,,,,,,,,,,,,,,,,
國立政治大學,社會科學學院,國家發展研究所,一般生組,2025/10/14,5,"1.書審50%
2.面試50%","一、須符合下列二項資格之一：
1. 國內大學學士班以上畢業（含應屆），在校學業成績總平均名次在全班前50%以
內。
2. 境外大學學士班以上畢業（含應屆），經報考系所主管核准報考者。
二、不受理同等學力。","1. 自傳。
2. 學業成績總平均排名證明(大學成績)。
3. 歷年成績單總表(大學以上)。
4. 研究計畫(含生涯規劃及學習計畫)。
5. 其他有利審查資料:如學術著作、社團經歷、志工經驗、語言成績、獎學
金證明等個人能力或成就之證明文件。
6. 推薦信 2 份(二位推薦人)。
※第 1 至 5 項資料請考生自行上傳;第 6 項資料由推薦人上傳,上傳程序
請詳簡章第 7 頁。","【參加資格】依資料審查加權後之成績擇優選取至多20 名參加面試。
【面試日期】11 月15 日（星期六）（詳細時間公布於本所網頁）
【注意事項】面試名單及相關資訊於面試前3 日公布於本所網頁，不另行通
知。",,"https://www.nccu.edu.tw/p/406-1000-20476,r123.php?Lang=zh-tw","一、 一般生名額，遇有缺額時，得流用至在職生招生名額。於報到遞補後仍有缺額，
流用至本所碩士班一般招生考試之名額。
二、 甄試入學生入學成績優秀者，入學後優先提供獎助學金。",,,,,,,,,,,,,,,,
國立政治大學,社會科學學院,國家發展研究所,在職生組,2025/10/14,1,"1.書審50%
2.面試50%","一、國內及境外學歷之大學校院學士班以上畢業（含應屆）生，並工作滿3 年以上，
且符合以下條件之一者：
1. 在政府機關現任6 職等以上。
2. 在研究單位或相關法人單位擔任助理研究員職位以上。
3. 現（曾）任大型企業副理（含）以上主管之職位。大型企業指上市上櫃公司、或
與同產業上市上櫃公司規模相當之企業。
4. 現（曾）任中小型企業經理（含）以上職位。
二、取得「服務機關同意報考證明書」之在職人員。
三、不受理同等學力。","1. 自傳(含個人簡歷、就學、工作經歷)。
2. 歷年成績單總表(大學以上)。
3. 研究計畫(含生涯規劃及學習計畫)。
4. 其他有利審查資料:如學術著作、社團經歷、志工經驗、語言成績、獎學
金證明等個人能力或成就之證明文件。
5. 其他:服務機關同意報考證明書(格式請至本所網頁下載)及有效工作
年資證明。
6. 推薦信 2 份(二位推薦人)。
※第 1 至 5 項資料請考生自行上傳;第 6 項資料由推薦人上傳,上傳程序
請詳簡章第 7 頁。","【參加資格】依資料審查加權後之成績擇優選取至多10 名參加面試。
【面試日期】11 月15 日（星期六）（詳細時間公布於本所網頁）。
【注意事項】面試名單及相關資訊於面試前3 日公布於本所網頁，不另行通
知。",,"https://www.nccu.edu.tw/p/406-1000-20476,r123.php?Lang=zh-tw","在職生名額，遇有缺額時，得流用至一般生招生名額。於報到遞補後仍有缺額，流用
至本所碩士班一般招生考試之名額。",,,,,,,,,,,,,,,,
國立政治大學,社會科學學院,勞工研究所,一般生組,2025/10/14,5,"1.書審60%
2.面試40%",,"1. 自傳。
2. 歷年成績單總表(最高學歷),如持研究所學歷者,需同時附大專及研究
所成績單總表。
3. 研究計畫(含生涯規劃及學習計畫)。
4. 其他有利審查資料:如參與研究計畫、修習相關學程(學分、課程)、獎
學金證明、語文能力證明、學術著作、研究報告或成果、社團經驗、工
作經驗等。
※請依序將第 1 至 4 項資料合併裝訂成冊,共一式五份(第 2 項請提供正
本一份及影本四份)。","【參加資格】依資料審查加權後之成績擇優選取至多15 名參加面試。
【面試日期】11 月15 日（星期六）（詳細時間公布於本所網頁）。
【注意事項】面試名單及相關資訊將於11 月10 日公布於本所網頁，不另行
通知。",,"https://www.nccu.edu.tw/p/406-1000-20476,r123.php?Lang=zh-tw",,,,,,,,,,,,,,,,,
國立政治大學,社會科學學院,勞工研究所,在職生組,2025/10/14,2,"1.書審60%
2.面試40%","應累積二年以上工作經驗（檢附勞保投保年資證明，其中不含義務役年資），在職人
員並應繳交「服務機關同意報考證明書」。","1. 考生基本資料表(請至本所網頁下載)。
2. 自傳。
3. 研究計畫(含生涯規劃及學習計畫)。
4. 其他有利審查資料:如參與研究計畫、修習相關學程(學分、課程)、獎
學金證明、語文能力證明、學術著作、研究報告或成果、社團經驗、工
作經驗等。
5. 學歷證明文件(應考學歷或最高學歷畢業證書,應屆畢業生請檢附在學
證明)。
6. 服務機關同意報考證明書(表格請至本所網頁下載;現職未滿兩年者,
請另繳交足以證明工作年資之文件,如公、勞保投保年資證明)。
7. 推薦信一份(一位推薦人)。
※請依序將第 1 至 6 項資料合併裝訂成冊,共一式五份(第 6 項請提供正
本一份及影本四份),推薦信另附。","【參加資格】依資料審查加權後之成績擇優選取至多6 名參加面試。
【面試日期】11 月15 日（星期六）（詳細時間公布於本所網頁）。
【注意事項】面試名單及相關資訊將於11 月10 日公布於本所網頁，不另行
通知。",,"https://www.nccu.edu.tw/p/406-1000-20476,r123.php?Lang=zh-tw",,,,,,,,,,,,,,,,,
國立政治大學,社會科學學院,社會工作研究所,一般生組,2025/10/14,6,"1.書審40%
2.面試60%",,"1. 自傳。
2. 研究計畫:包含研究動機、文獻探討及研究方法,字數以五千至一萬字為
限。
3. 歷年成績單。
4. 其他有利審查資料:如社團經歷、工作經驗、語言成績、全國性比賽獲獎
證書等。","【參加資格】依資料審查加權後之成績擇優選取至多18 名參加面試。
【面試日期】11 月14 日（星期五）（詳細時間公布於本所網頁）。
【注意事項】面試名單及相關資訊於面試前3 日於本所網頁公告，不另行通
知。",,"https://www.nccu.edu.tw/p/406-1000-20476,r123.php?Lang=zh-tw","一、考試任何一項或科目零分者，不予錄取。
二、大學非社會工作相關科系畢業且未曾修習「社會工作實習」、「社會個案工作」
、「社會團體工作」、「社區工作」及「人類行為與社會環境」者應選修本所「社
會工作實習（選）」，並至學士班或於碩士班加修三門直接服務課程（「社會個案
工作」、「社會團體工作」、「社區工作」或「人類行為與社會環境」），上述加修之
學分不列為本所畢業學分。",,,,,,,,,,,,,,,,
國立政治大學,社會科學學院,社會工作研究所,在職生 甲組,2025/10/14,2,"1.書審40%
2.面試60%",現任職於社會福利相關機構，且全職工作累計滿2 年以上相關工作經驗（工作證明書所載日期算至 114 年9 月15 日止，不含服義務役年資）之在職人員。,"1. 自傳。
2. 研究計畫:包含研究動機、文獻探討及研究方法,字數以五千至一萬字為
限。
3. 歷年成績單。
4. 其他有利審查資料:如工作經驗、證照、獲獎記錄、語言成績、研究報告
等個人能力或成就之證明。
5. 在職證明及年資證明。
6. 推薦信 2 份。
※第 1 至 5 項資料請考生自行上傳;第 6 項資料由推薦人上傳,上傳程序
請詳簡章第 7 頁。","【參加資格】依資料審查加權後之成績擇優選取至多6 名參加面試。
【面試日期】11 月14 日（星期五）（詳細時間公布於本所網頁）。
【注意事項】面試名單及相關資訊於面試前3 日於本所網頁公告，不另行通
知。",,"https://www.nccu.edu.tw/p/406-1000-20476,r123.php?Lang=zh-tw","一、 考試任何一項或科目零分者，不予錄取。
二、 大學非社會工作相關科系畢業且未曾修習「社會工作實習」、「社會個案工作」
、「社會團體工作」、「社區工作」及「人類行為與社會環境」者應選修本所
「社會工作實習（選）」，並至學士班或於碩士班加修三門直接服務課程（「社
會個案工作」、「社會團體工作」、「社區工作」或「人類行為與社會環境」），上
述加修之學分不列為本所畢業學分。",,,,,,,,,,,,,,,,
國立政治大學,社會科學學院,社會工作研究所,在職生 乙組（原住民）,2025/10/14,1,"1.書審40%
2.面試60%","一、 現任職於社會福利相關機構，且全職工作累計滿2 年以上相關工作經驗（工作證
明書所載日期算至114 年9 月15 日止，不含服義務役年資）之在職人員。
二、 本組限原住民之在職人員報考，報名時須檢附戶口名簿影本。","1. 自傳(含戶口名簿)。
2. 研究計畫:包含研究動機、文獻探討及研究方法,字數以五千至一萬字為
限。
3. 歷年成績單。
4. 其他有利審查資料:如工作經驗、證照、獲獎記錄、語言成績、研究報告
等個人能力或成就之證明。
5. 在職證明及年資證明。
6. 推薦信 2 份。
※第 1 至 5 項資料請考生自行上傳;第 6 項資料由推薦人上傳,上傳程序
請詳簡章第 7 頁。","【參加資格】依資料審查加權後之成績擇優選取至多3 名參加面試。
【面試日期】11 月14 日（星期五）（詳細時間公布於本所網頁）。
【注意事項】面試名單及相關資訊於面試前3 日於本所網頁公告，不另行通
知。",,"https://www.nccu.edu.tw/p/406-1000-20476,r123.php?Lang=zh-tw","一、 考試任何一項或科目零分者，不予錄取。
二、 大學非社會工作相關科系畢業且未曾修習「社會工作實習」、「社會個案工作」
、「社會團體工作」、「社區工作」及「人類行為與社會環境」者應選修本所
「社會工作實習（選）」，並至學士班或於碩士班加修三門直接服務課程（「社
會個案工作」、「社會團體工作」、「社區工作」或「人類行為與社會環境」），上
述加修之學分不列為本所畢業學分。",,,,,,,,,,,,,,,,
國立政治大學,國際事務學院,外交學系,,2025/10/14,13,"1.書審20%
2.面試30%
3.筆試50%","一、須符合下列三項資格之一：
1. 國內大學學士班本科系或曾修習國際關係相關科目八學分以上（科目之採計由本
系認定，擬申請認定者請檢附修課成績單及擬認定之課程授課大綱）之畢業（含
應屆）生，在校學業成績總平均名次在全（系）班前百分之五十以內。
2. 國內研究所畢業（含應屆）生。
3. 境外大學學士班或研究所畢業（含應屆）生，經報考系所主管核准報考者。
二、不受理同等學力。","1. 學業成績證明:歷年成績單總表及學業成績總平均排名證明。
2. 讀書計畫(含研究領域及興趣)。
3. 自傳。
4. 其他有利審查資料:如外語優異表現或其他成就證明。
5. 推薦信 2 份(二位推薦人,推薦信請彌封簽名)。
※請依序將第 1 至 4 項資料合併裝訂成冊,共一式五份(第 1 項請提供正
本一份及影本四份),推薦信另附。推薦信及審查資料本系無既定格式。","【參加資格】全體考生。
【面試日期】11 月11 日（星期二），下午1:00 起。
【注意事項】面試相關資訊於考試前3 日公布於本系網頁。","【筆試日期】11 月11 日（星期二）10:00-11:40
【筆試科目】國際關係
【注意事項】筆試相關資訊於考試前3 日公布於本系網頁。","https://www.nccu.edu.tw/p/406-1000-20476,r123.php?Lang=zh-tw","一、 考試任何一項或科目零分者，不予錄取。
二、 本系實施英語能力畢業要求（詳見「國立政治大學外交學系碩士班學生修業辦
法」），凡本系學生未通過檢核者，不得畢業。
三、 大學時期未修習一學年四學分以上之「國際公法」課程者入學後，須至本系學
士班補修「國際公法」，補修科目不計學分。",,,,,,,,,,,,,,,,
國立政治大學,國際事務學院,東亞研究所,,2025/10/14,8,"1.書審30%
2.面試40%
3.筆試30%",不受理同等學力。,"1. 自傳。
2. 學業成績總平均排名證明。
3. 歷年成績單總表。
4. 研究計畫(含生涯規劃及學習計畫)。
5. 其他有利審查資料:如學術著作、研究報告或成果等。
6. 推薦信 2 份(二位推薦人)。
※請依序將第 1 至 5 項資料合併裝訂成冊,共一式四份(第 2 至 3 項請提
供正本一份及影本三份),推薦信另附。","【參加資格】全體考生。
【面試日期】11 月8 日（星期六），下午1:00 起。
【注意事項】面試相關資訊於面試前3 日公布於本所網頁。","【筆試日期】11 月8 日（星期六）10:00-11:40
【筆試科目】中國大陸概論
【注意事項】筆試相關資訊於考試前3 日公布於本所網頁。","https://www.nccu.edu.tw/p/406-1000-20476,r123.php?Lang=zh-tw",考試任何一項或科目零分者，不予錄取。,,,,,,,,,,,,,,,,
國立政治大學,國際事務學院,俄羅斯研究所,,2025/10/14,6,"1.書審50%
2.面試50%",不受理同等學力。,"1. 歷年成績單總表(須加蓋學校校印或教務處章戳)。
2. 學業成績總平均排名證明。
3. 自傳(含生涯規劃及學習計畫)。
4. 俄語或其他外語能力證明(檢定證書或修課證明等)。
5. 其他有利審查資料(無則免附)。","【參加資格】全體考生。
【面試日期】11 月8 日（星期六），上午10:00 起。
【注意事項】面試相關資訊於面試前3 日公布於本所網頁。",,"https://www.nccu.edu.tw/p/406-1000-20476,r123.php?Lang=zh-tw",,,,,,,,,,,,,,,,,
國立政治大學,國際事務學院,日本研究碩士學位學程,,2025/10/14,6,"1.書審30%
2.面試70%","一、 通過日本語能力試驗（JLPT）N3 以上，或通過英語能力測驗TOEIC 多益測驗
600 分（含）以上，或新制托福iBT 78 分以上者。
二、 不受理同等學力。","1. 歷年成績單總表(大學在校成績)。
2. 自傳(中文撰寫)。
3. 研究計畫(中文撰寫)。
4. 其他有利審查資料(包含但不限於特定報考資格所列證書影本)。
5. 推薦信 2 份(二位推薦人)。
※請依序將第 1 至 4 項資料合併裝訂成冊,共一式五份(第 1 項請提供正
本一份及影本四份),推薦信另附,試後恕不退還。","【參加資格】全體考生。
【面試日期】11 月15 日（星期六）（詳細時間公布於本學程網頁）。
【注意事項】1.面試相關資訊於面試前3 日公布於本學程網頁，不另行通知。
2.面試當天，考生需提供特定報考資格所列證書正本，驗畢後
歸還；若未能於面試期間提出證書正本者，將失去面試資格，
考生不得以任何理由要求退還報名費。",,"https://www.nccu.edu.tw/p/406-1000-20476,r123.php?Lang=zh-tw",,,,,,,,,,,,,,,,,
國立政治大學,商學院,國際經營與貿易學系,,2025/10/14,24,"1.書審40%
2.面試60%","一、須符合下列三項資格之一：
1. 國內大學學士班畢業（含應屆）生，在校學業成績總平均名次於全系（班）前40%
以內。
2. 國內研究所畢業（含應屆）生。
3. 境外大學學士班或研究所畢業（含應屆）生，經報考系所主管核准報考者。
二、不受理同等學力。","1. 考生基本資料表(限一頁,請至國貿系網頁/招生資訊/碩士班區下載,請
簽名後掃描上傳)。
2. 自傳。
3. 學習計畫。
4. 大學時期能力或成就證明(如語文成績、獲獎記錄、特殊經歷等,可縮
印)。
5. 成績單總表暨排名證明(請以正本上傳,勿加密)。
6. 推薦信 2 份(二位推薦人,推薦信格式請至國貿系網頁/招生資訊/碩士班
區參考)。
※第 2~4 項頁數合計至多 5 頁,勿做封面及目次。
※資料上傳請勿顛倒。
※第 1-5 項資料請考生自行上傳,第 6 項資料由推薦人上傳;上傳程序請詳
簡章第 7 頁。","【參加資格】依資料審查加權後之成績擇優選取至多60 名參加面試。
【面試日期】11 月15 日（星期六）（詳細時間公布於本系網頁）。
【注意事項】面試名單及相關資訊於11 月10 日公布於本系網站，考生請自
行上網查詢。",,"https://www.nccu.edu.tw/p/406-1000-20476,r123.php?Lang=zh-tw","一、 考試任何一項或科目零分者，不予錄取。
二、 審查資料請依規定格式詳填上傳，頁數超過或不齊全，將酌予扣分。",,,,,,,,,,,,,,,,
國立政治大學,商學院,金融學系,金融管理組,2025/10/14,11,,,"1. 考生基本資料表（請至本系網頁下載，填寫後掃描上傳）。 
2. 歷年成績單以及排名（請以正本掃描上傳）。 
3. 自傳暨讀書計畫（詳述個人選擇至本系碩士班進修之動機、未來志趣及 自我能力評估等）。
4. 其他有利審查資料（不含推薦信），無則免附。",,,"https://www.nccu.edu.tw/p/406-1000-20476,r123.php?Lang=zh-tw",,,,,,,,,,,,,,,,,
國立政治大學,商學院,金融學系,財務工程與金融科技組,2025/10/14,9,,,"1. 考生基本資料表（請至本系網頁下載，填寫後掃描上傳）。 
2. 歷年成績單以及排名（請以正本掃描上傳）。 
3. 自傳暨讀書計畫（詳述個人選擇至本系碩士班進修之動機、未來志趣及 自我能力評估等）。 
4. 其他有利審查資料（不含推薦信），無則免附。",,,"https://www.nccu.edu.tw/p/406-1000-20476,r123.php?Lang=zh-tw",,,,,,,,,,,,,,,,,
國立政治大學,商學院,會計學系,會計甲組,2025/10/14,23,,,"1.考生基本資料表（請至本系網頁下載，親筆填寫後掃描上傳）。 
2.自傳暨讀書計畫（詳述個人選擇至本系碩士班進修之動機、未來志趣及自 我能力評估等）。 
3.歷年成績單暨排名證明（請以正本掃描上傳；具全職工作經驗兩年以上年 資者，可免附排名證明）。 
4.語言能力檢定證明（考生於報考時應繳交兩年內，即2023年10月以後有 效之英語檢定測驗成績證明，僅限TOEFL-iBT、TOEIC、IELTS或全民英 檢成績。若考生有其他外國語言之檢定測驗成績證明，亦可一併繳交，以 供參考。具全職工作經驗兩年以上年資者，可免附本項資料）。 
5.其他有利審查資料（本系不收推薦信）。",,,"https://www.nccu.edu.tw/p/406-1000-20476,r123.php?Lang=zh-tw",,,,,,,,,,,,,,,,,
國立政治大學,商學院,會計學系,會計乙組,2025/10/14,2,,,"1.考生基本資料表（請至本系網頁下載，親筆填寫後掃描上傳）。 
2.自傳暨讀書計畫（詳述個人選擇至本系碩士班進修之動機、未來志趣及自
我能力評估等）。 
3.歷年成績單暨排名證明（請以正本掃描上傳；具全職工作經驗兩年以上年
資者，可免附排名證明）。 
4.語言能力檢定證明（考生於報考時應繳交兩年內，即2023年10月以後有
效之英語檢定測驗成績證明，僅限TOEFL-iBT、TOEIC、IELTS或全民英
檢成績。若考生有其他外國語言之檢定測驗成績證明，亦可一併繳交，以
供參考。具全職工作經驗兩年以上年資者，可免附本項資料）。 
5.其他有利審查資料（本系不收推薦信）。",,,"https://www.nccu.edu.tw/p/406-1000-20476,r123.php?Lang=zh-tw",,,,,,,,,,,,,,,,,
國立政治大學,商學院,會計學系,稅務組,2025/10/14,14,,,"1.考生基本資料表（請至本系網頁下載，親筆填寫後掃描上傳）。 
2.自傳暨讀書計畫（詳述個人選擇至本系碩士班進修之動機、未來志趣及自
我能力評估等）。 
3.歷年成績單暨排名證明（請以正本掃描上傳；具全職工作經驗兩年以上年
資者，可免附排名證明）。 
4.語言能力檢定證明（考生於報考時應繳交兩年內，即2023年10月以後有
效之英語檢定測驗成績證明，僅限TOEFL-iBT、TOEIC、IELTS或全民英
檢成績。若考生有其他外國語言之檢定測驗成績證明，亦可一併繳交，以
供參考。具全職工作經驗兩年以上年資者，可免附本項資料）。 
5.其他有利審查資料（本系不收推薦信）。",,,"https://www.nccu.edu.tw/p/406-1000-20476,r123.php?Lang=zh-tw",,,,,,,,,,,,,,,,,
國立政治大學,商學院,統計學系,一般生組,2025/10/14,15,,,"1. 自傳。 
2. 學業成績總平均排名證明（需加蓋學校校印或教務處章戳；若成績單總
表有列示排名者，不用另附排名正本）。 
3. 歷年成績單總表（需加蓋學校校印或教務處章戳）。 
4. 其他有利審查資料（不含推薦信）。",,,"https://www.nccu.edu.tw/p/406-1000-20476,r123.php?Lang=zh-tw",,,,,,,,,,,,,,,,,
國立政治大學,商學院,統計學系,在職生組,2025/10/14,1,,,"1. 自傳（含個人簡歷、就學、工作經歷）。 
2. 學業成績總平均排名證明（需加蓋學校校印或教務處章戳；若成績單總
表有列示排名者，不用另附排名正本）。 
3. 歷年成績單總表（需加蓋學校校印或教務處章戳）。 
4. 其他有利審查資料（不含推薦信）。 
5. 在職證明書或服務機關同意報考證明書（表格請至本系網頁「招生訊息」
下載）。 
6. 工作年資證明（若第5項證明書已涵蓋工作年資，不用另附）",,,"https://www.nccu.edu.tw/p/406-1000-20476,r123.php?Lang=zh-tw",,,,,,,,,,,,,,,,,
國立政治大學,商學院,資訊管理學系,資管組 ,2025/10/14,18,,,"1. 考生基本資料表（請至本系網頁招生資訊/碩士班下載並填寫，最後一頁
需親筆簽名後掃描上傳）。 
2. 重要經歷與成就證明文件（本項目內容限基本資料表所列之相關證明文
件）。 
3. 專長能力證明文件（本項目內容限基本資料表所列之相關證明文件）。 
4. 歷年成績單總表（本項目須含班排名、系排名之排名證明，若成績單總
表未有列示排名者，請另附排名證明文件）。 
5. 其他有利審查資料：如五年一貫證明…等，無則免附。 
6. 推薦信（至多2份）。 ",,,"https://www.nccu.edu.tw/p/406-1000-20476,r123.php?Lang=zh-tw",,,,,,,,,,,,,,,,,
國立政治大學,商學院,資訊管理學系,科技組,2025/10/14,7,,,"1. 考生基本資料表（請至本系網頁招生資訊/碩士班下載並填寫，最後一頁
需親筆簽名後掃描上傳）。 
2. 重要經歷與成就證明文件（本項目內容限基本資料表所列之相關證明文
件）。 
3. 專長能力證明文件（本項目內容限基本資料表所列之相關證明之文件）。 
4. 歷年成績單總表（本項目須含班排名、系排名之排名證明，若成績單總
表未有列示排名者，請另附排名證明文件）。 
5. 其他有利審查資料：如五年一貫證明…等，無則免附。 
6. 推薦信（至多2份）。",,,"https://www.nccu.edu.tw/p/406-1000-20476,r123.php?Lang=zh-tw",,,,,,,,,,,,,,,,,
國立政治大學,商學院,財務管理學系,,2025/10/14,21,,,"1. 考生基本資料表（含其他有利審查資料：如GRE、GMAT、TOEFL或
TOEIC成績等，請至本系網頁下載並填寫）。 
2. 學業成績總平均排名證明。 
3. 歷年成績單總表。 
4. 自傳。 
5. 研究計畫。 
6. 推薦信1份。",,,"https://www.nccu.edu.tw/p/406-1000-20476,r123.php?Lang=zh-tw",,,,,,,,,,,,,,,,,
國立政治大學,商學院,風險管理與保險學系,法律組,2025/10/14,5,,,"1. 學業成績總平均排名證明。 
2. 歷年成績單總表。 
3. 自傳。 
4. 讀書計畫。 
5. 其他有利審查資料：如語言成績、大學期間自行撰寫之任何學期報告或
研究報告等。",,,"https://www.nccu.edu.tw/p/406-1000-20476,r123.php?Lang=zh-tw",,,,,,,,,,,,,,,,,
國立政治大學,商學院,風險管理與保險學系,管理組,2025/10/14,6,,,"1. 學業成績總平均排名證明。 
2. 歷年成績單總表。 
3. 自傳。 
4. 讀書計畫。 
5. 其他有利審查資料：如語言成績、大學期間自行撰寫之任何學期報告或
研究報告等。",,,"https://www.nccu.edu.tw/p/406-1000-20476,r123.php?Lang=zh-tw",,,,,,,,,,,,,,,,,
國立政治大學,商學院,風險管理與保險學系,精算科學組,2025/10/14,5,,,"1. 學業成績總平均排名證明。 
2. 歷年成績單總表。 
3. 自傳。 
4. 讀書計畫。 
5. 其他有利審查資料：如語言成績、大學期間自行撰寫之任何學期報告或
研究報告等。",,,"https://www.nccu.edu.tw/p/406-1000-20476,r123.php?Lang=zh-tw",,,,,,,,,,,,,,,,,
國立政治大學,商學院,風險管理與保險學系,在職生組,2025/10/14,3,,,"1. 考生基本資料表（請至本系網頁下載）。 
2. 自傳（含個人簡歷、就學、工作經歷）。 
3. 最高學歷證明及成績單（最高學歷證明請提供影本，成績單須加蓋學校
校印或教務處章戳）。 
4. 研究計畫書。 
5. 服務機關同意報考證明書（請至本系網頁下載，並請繳交工作年資證明）。 
6. 其他有利審查資料(如外語檢定、證照、著作、研究成果等）。",,,"https://www.nccu.edu.tw/p/406-1000-20476,r123.php?Lang=zh-tw",,,,,,,,,,,,,,,,,
國立政治大學,商學院,科技管理與智慧財產研究所,科技管理組,2025/10/14,19,,,"1. 考生資料表（請至本所網頁點選招生資訊/碩士班甄試資訊，下載甄試考
生資料表）。 
2. 學業成績總平均排名證明。 
3. 歷年成績單總表。 
4. 自傳及學習計畫。 
5. 其他有利審查資料：如英文檢定、社團活動、參加各項考試競賽、學術
（藝）活動之證明文件或課堂學習成果等。 
6. 推薦信2份。",,,"https://www.nccu.edu.tw/p/406-1000-20476,r123.php?Lang=zh-tw",,,,,,,,,,,,,,,,,
國立政治大學,商學院,科技管理與智慧財產研究所,智慧財產組,2025/10/14,9,,,"1. 考生資料表（請至本所網頁點選招生資訊/碩士班甄試資訊，下載甄試考
生資料表）。 
2. 學業成績總平均排名證明。 
3. 歷年成績單總表。 
4. 自傳及學習計畫。 
5. 其他有利審查資料：如英文檢定、社團活動、參加各項考試競賽、學術
（藝）活動之證明文件或課堂學習成果等。 
6. 推薦信2份。",,,"https://www.nccu.edu.tw/p/406-1000-20476,r123.php?Lang=zh-tw",,,,,,,,,,,,,,,,,
國立政治大學,商學院,企業管理研究所 （MBA學位學程）,A組,2025/10/14,33,,,"1. 考生基本資料表（請至本所網站下載填寫）。 
2. 歷年成績單總表（含學業成績總平均排名證明）。持研究所學歷者，可免
附排名證明，惟需同時附大學及研究所成績單總表。 
3. 讀書計畫（含學習與生涯計畫）。 
4. 其他有利審查資料，如得獎證明、專業證照、各項語文能力證明。 
5. 推薦信（至多2份，請至本所網站下載「推薦信」）。",,,"https://www.nccu.edu.tw/p/406-1000-20476,r123.php?Lang=zh-tw",,,,,,,,,,,,,,,,,
國立政治大學,商學院,企業管理研究所 （MBA學位學程）,B組,2025/10/14,35,,,"1. 考生基本資料表（請至本所網站下載填寫）。 
2. 歷年成績單總表（含學業成績總平均排名證明）。持研究所學歷者，可免
附排名證明，惟需同時附大學及研究所成績單總表。 
3. 讀書計畫（含學習與生涯計畫）。 
4. 其他有利審查資料，如得獎證明、專業證照、各項語文能力證明。 
5. 有效工作年資證明（以正本掃描）：如勞保年資證明（請至勞保局申請「勞
保被保險人投保資料表（明細）」，不接受網路下載版本）、在職證明書，
該證明不得以考生基本資料表取代。另附個人現職工作名片1張 （無名
片或無現職者免附） 。 
6.推薦信（至多2份，請至本所網站下載「推薦信」）。",,,"https://www.nccu.edu.tw/p/406-1000-20476,r123.php?Lang=zh-tw",,,,,,,,,,,,,,,,,
國立政治大學,傳播學院,傳播學院傳播碩士學位學程,甲組,2025/10/14,26,,,"1. 自傳（500字以內）。 
2. 研讀計畫（1,500 字以內，必須包含報考動機、學習與畢業計畫）。 
3. 學業成績總平均排名證明（請至網頁https://gradcomm.nccu.edu.tw/最新消
息下載表格）。 
4. 歷年成績單總表。 
5. 其他有利審查資料（大學時期或大學以後完成）：如相關作品得獎證明、
參與國科會專題研究計畫、論文報告、各類獎學金證明、相關作品、外
語能力檢定證明等（影音作品請先上傳至影音分享網站，例如YouTube，
並將作品名稱及網址表列於A4直式格式表單）。",,,"https://www.nccu.edu.tw/p/406-1000-20476,r123.php?Lang=zh-tw",,,,,,,,,,,,,,,,,
國立政治大學,傳播學院,傳播學院傳播碩士學位學程,乙組,2025/10/14,1,,,"1. 自傳（500字以內）。 
2. 研讀計畫（1,500 字以內，必須包含報考動機、學習與畢業計畫）。 
3. 運動績優有利審查資料（大學時期或大學以後完成）：如各項運動成就證
明或相關證照、體適能檢定證明、參與運動傳播工作經歷、各類獎學金
證明及外語能力檢定證明等（影音作品請先上傳至影音分享網站，例如
YouTube，並將作品名稱及網址表列於A4直式格式表單）。 
4. 歷年成績單總表。",,,"https://www.nccu.edu.tw/p/406-1000-20476,r123.php?Lang=zh-tw",,,,,,,,,,,,,,,,,
國立政治大學,傳播學院,國際傳播英語碩士學位學程,,2025/10/14,6,,,"1. 歷年成績單總表。 
2. 自傳（英文撰寫）。 
3. 研究計畫或讀書計畫（以英文撰寫）。 
4. 語言能力檢定證明（限三年內之英語檢定成績，僅接受TOEFL、IELTS
或TOEIC成績）。 
5. 其他有利審查資料：如相關作品參展與得獎紀錄、國科會參與專題研究
計畫、論文報告、獎學金證明、相關作品等。作品格式不拘，唯若繳交
電子檔案須有自動播放程式，以免審查時讀取困難。 
6. 推薦信2份（二位推薦人）。",,,"https://www.nccu.edu.tw/p/406-1000-20476,r123.php?Lang=zh-tw",,,,,,,,,,,,,,,,,
國立政治大學,,數位內容碩士學位學程,,2025/10/14,9,,,"1. 歷年成績單總表（含學業成績總平均排名，需加蓋學校校印或教務處章
戳）。 
2. 自傳。 
3. 研究計畫（或創作構想）。 
4. 大專入學後作品、專題或其他有利審查資料。 
5. 推薦信（至多2份，無則免繳）。",,,"https://www.nccu.edu.tw/p/406-1000-20476,r123.php?Lang=zh-tw",,,,,,,,,,,,,,,,,
國立政治大學,,亞際文化研究國際碩士學位 學程(台灣聯合大學系統),,2025/10/14,3,,,"1. 歷年成績單總表。 
2. 自傳（中文與英文各一份，各1,000字以內）。 
3. 研讀計畫（中文與英文各一份，各1,500 字以內，必須包含報考動機、
主修領域與修課計畫、研究興趣及未來發展規劃）。 
4. 其他有利審查資料：如相關作品參展與得獎紀錄、國科會參與專題研究
計畫、論文報告、獎學金證明、相關作品等。作品與檔案繳交總數不超
過三件。作品格式不拘，請提供作品雲端連結，以免審查時讀取困難。 
5. 推薦信 2 份（二位推薦人）。",,,"https://www.nccu.edu.tw/p/406-1000-20476,r123.php?Lang=zh-tw",,,,,,,,,,,,,,,,,
國立政治大學,外國語文學院,英國語文學系,文學組,2025/10/14,6,,,"1. 研究計畫（英文撰寫）。 
2. 學科報告（有關英美文學課程之報告一篇，6至10頁）。 
3. 學業成績總平均排名證明。 
4. 歷年成績單總表。 
5. 推薦信2份（二位推薦人）。",,,"https://www.nccu.edu.tw/p/406-1000-20476,r123.php?Lang=zh-tw",,,,,,,,,,,,,,,,,
國立政治大學,外國語文學院,英國語文學系,英語教學組 ,2025/10/14,3,,,"1. 研究計畫（英文撰寫）。 
2. 學科報告（有關語言學或英語教學課程之報告一篇，6至10頁）。 
3. 學業成績總平均排名證明。 
4. 歷年成績單總表。 
5. 推薦信2份（二位推薦人）。 ",,,"https://www.nccu.edu.tw/p/406-1000-20476,r123.php?Lang=zh-tw",,,,,,,,,,,,,,,,,
國立政治大學,外國語文學院,斯拉夫語文學系,,2025/10/14,2,"1.書審20%
2.面試40%
3.筆試40%",,"1. 歷年成績單總表（需加蓋學校校印或教務處章戳）。 
2. 學科報告（有關俄語語言學或俄國文學之專題研究報告一至兩篇，至少
六頁）。 
3. 學習計畫（申請動機、擬研究領域等）。",,,"https://www.nccu.edu.tw/p/406-1000-20476,r123.php?Lang=zh-tw",,,,,,,,,,,,,,,,,
國立政治大學,外國語文學院,語言學研究所,,2025/10/14,5,1.面試100%,"一、 須符合下列二項資格之一：
1. 國內大學學士班或研究所畢業（含應屆）。
2. 境外大學學士班或研究所畢業（含應屆）生，經報考系所主管核准報考者。
二、不受理同等學力。","1.自傳。
2.讀書計畫（頁數不限）。
3.研究報告（頁數不限）。
4.歷年成績單（需加蓋學校校印或教務處章戳）。
5.推薦信2 份（二位推薦人）。","【參加資格】依資料審查之成績擇優選取至多24 名參加面試
【面試日期】11 月14 日（星期五）（詳細時間公布於本所網頁）
【注意事項】面試名單及相關資訊於面試前3 日公布於本所網頁。",,"https://www.nccu.edu.tw/p/406-1000-20476,r123.php?Lang=zh-tw",依面試成績擇優錄取。,,,,,,,,,,,,,,,,
國立政治大學,外國語文學院,日本語文學系,,2025/10/14,5,1.面試100%,"一、通過日本語能力試驗（JLPT）一級或二級（N1 或N2）級數，且須符合下列三項
資格之一：
1. 國內大學學士班日文系、外文系或相關科系（曾修習日文相關課程32 學分以上）
之畢業（含應屆）生。
2. 國內研究所畢業（含應屆）生。
3. 境外大學學士班或研究所畢業（含應屆）生，經報考系所主管核准報考者。
二、 不受理同等學力。","1. 學業成績總平均排名證明。
2. 歷年成績單總表。
3. 中文自傳1,000 字以內（字級勿小於12，頁數勿超過1 頁）。
4. 研究計畫（日文撰寫）。
5. 日本語能力試驗證書。","【參加資格】依資料審查之成績擇優選取招生名額至多3 倍人數參加面試。
【面試日期】11 月14 日（星期五）
【注意事項】1.面試名單及相關資訊於11 月12 日公布於本系網頁，考生請
自行上網查詢。
2.面試當天，考生須提供日本語能力試驗（JLPT）一級或二級
（N1 或N2）證書正本，驗畢後歸還；若未能於面試期間內提
出證書正本者，將失去面試資格，考生不得以任何理由要求退
還報名費。
3.本系面試以日文問答為原則。",,"https://www.nccu.edu.tw/p/406-1000-20476,r123.php?Lang=zh-tw",考試任何一項或科目零分者，不予錄取。,,,,,,,,,,,,,,,,
國立政治大學,外國語文學院,韓國語文學系,,2025/10/14,2,"1.書審30%
2.面試70%","一、須符合下列三項資格之一：
1. 國內大學學士班韓國語文學系或曾修習韓國語言、文學、文化18 個學分以上之
畢業（含應屆）生，在校學業成績總平均達75 分以上者。
2. 國內大學或研究所畢業（含應屆）生，持有有效期限內之韓國語文能力測驗
（TOPIK Ⅱ）4 級（含）以上證書者。
3. 境外大學學士班或研究所畢業（含應屆）生，經報考系所主管核准報考者。
二、 不受理同等學力。","1. 自傳（含過去求學經驗、報考動機、未來生涯規劃，以中文撰寫）。
2. 歷年成績單總表。
3. 研究計畫（含讀書計畫、未來研究方向，以中文撰寫）。
4. 學科報告（有關韓語語言學、韓國文學或韓國文化相關之專題研究報告
一篇，5,000 字以上、中韓文不拘）。
5. 其他有利審查資料（含語言能力檢定證明文件）。","【參加資格】依資料審查加權後之成績擇優選取至多6 名參加面試。
【面試日期】11 月14 日（星期五），下午2:00 起。
【注意事項】面試名單及相關資訊於11 月11 日下午公布於本系網頁。",,"https://www.nccu.edu.tw/p/406-1000-20476,r123.php?Lang=zh-tw","一、 考試任何一項或科目零分者，不予錄取。
二、 本系碩士班學生申請學位考試前，須通過韓國語文能力測驗（TOPIKⅡ）6 級檢
定。",,,,,,,,,,,,,,,,
國立政治大學,外國語文學院,中東與中亞研究碩士學位學程,,2025/10/14,3,"1.書審50%
2.面試50%",國內外大學學士班或研究所畢業（含應屆）；不受理同等學力。,"1. 自傳履歷（含個人成長背景、報考動機、研究計畫及未來職涯發展規劃）。
2. 歷年成績單總表（含學業成績總平均排名）。
3. 畢業證書（應屆畢業生請附在學證明或學生證影本）。
4. 其他有利審查資料（如外語檢定、證照、著作、研究成果等）。","【參加資格】全體考生。
【面試日期】11 月8 日（星期六），下午2:00 起。
【注意事項】面試名單及相關資訊於面試前3 日公布於本學程網頁。",,"https://www.nccu.edu.tw/p/406-1000-20476,r123.php?Lang=zh-tw","一、 面試原始分數未達70 分者，不予錄取。
二、 面試當天報到時須繳交歷年成績單總表（含學業成績總平均排名）正本乙份。
三、 考試任何一項或科目零分者，不予錄取。",,,,,,,,,,,,,,,,
國立政治大學,法學院,法律學系,民法組,2025/10/14,10,"1.書審50%
2.面試50%","一、須符合下列三項資格之一：
1. 國內大學學士班法律學系、財經法律學系、政治法律學系（含雙學位，不含輔系
生）畢業（含應屆）生，或修畢法律專業科目49 學分以上並且取得法律學學士
學位者，在校學業成績總平均名次在全系（班）前40%以內。
2. 國內研究所畢業（含應屆）生。
3. 境外大學學士班或研究所畢業（含應屆）生，經報考系所主管核准報考者。
二、不受理同等學力。","1. 學業成績總平均排名證明。
2. 自傳（含性格之自我分析、過去的教育經驗、未來生涯規劃）。
3. 研究計畫。
4. 其他有利審查資料：如著作、國科會專題計畫、獎學金證明、社團負責
人或幹部證明、語言能力等證明。
※特別歡迎提供英、德、日等外文之修課或考試證明。","【參加資格】依資料審查加權後之成績擇優選取至多30 名參加面試。
【面試日期】11 月15 日（星期六）下午（詳細時間公布於本院網頁）
【注意事項】面試名單及相關",,"https://www.nccu.edu.tw/p/406-1000-20476,r123.php?Lang=zh-tw","一、 考試任何一項或科目零分者，不予錄取。
二、 本組之招生名額若有缺額，流用至本系碩士班同組一般招生考試之名額。
三、 研究生第一年第一學期除有明確特殊事故，原則上不得休學；修業相關規定請
至本院網頁參閱研究生手冊。",,,,,,,,,,,,,,,,
國立政治大學,法學院,法律學系,財經法組,2025/10/14,8,"1.書審50%
2.面試50%","一、須符合下列三項資格之一：
1. 國內大學學士班法律學系、財經法律學系、政治法律學系（含雙學位，不含輔系
生）畢業（含應屆）生，或取得法律學學士學位者，在校學業成績總平均名次在
全系（班）前40%以內。
2. 國內非法律相關研究所畢業（含應屆）生。
3. 境外大學學士班或非法律相關研究所畢業（含應屆）生，經報考系所主管核准報
考者。
二、不受理同等學力。","1. 學業成績總平均排名證明。
2. 自傳（含性格之自我分析、過去的教育經驗、未來生涯規劃）。
3. 研究計畫。
4. 其他有利審查資料：如著作、國科會專題計畫、獎學金證明、社團負責
人或幹部證明、語言能力等證明。","【參加資格】依資料審查加權後之成績擇優選取至多24 名參加面試。
【面試日期】11 月15 日（星期六）下午（詳細時間公布於本院網頁）
【注意事項】面試名單及相關資訊於面試前3 日公布於本院網頁，考生請自
行上網查詢。",,"https://www.nccu.edu.tw/p/406-1000-20476,r123.php?Lang=zh-tw","一、 考試任何一項或科目零分者，不予錄取。
二、 本組之招生名額若有缺額，流用至本系碩士班同組一般招生考試之名額。
三、 研究生第一年第一學期除有明確特殊事故，原則上不得休學；修業相關規定請
至本院網頁參閱研究生手冊。",,,,,,,,,,,,,,,,
國立政治大學,法學院,法律學系,公法組,2025/10/14,7,"1.書審50%
2.面試50%","一、 須符合下列三項資格之一：
1. 國內大學學士班法律相關學系、公共行政學系、行政管理學系、政治學系（含雙
學位，不含輔系生）畢業（含應屆）生，或取得法律學學士學位者，在校學業成
績總平均名次在全系（班）前40%以內。
2. 國內研究所畢業（含應屆）生。
3. 境外大學學士班或研究所畢業（含應屆）生，經報考系所主管核准報考者。
二、不受理同等學力。","1. 學業成績總平均排名證明。
2. 自傳（含性格之自我分析、過去的教育經驗、未來生涯規劃）。
3. 研究計畫（應標明選擇公法甲組或公法乙組；修業相關規定請參考本院
網頁或必修科目表）。
4. 論文著作（國內研究所畢業生應繳交碩士論文，應屆生應繳交論文大綱）。
※ 符合前述特定報考資格第一項第三款，且須繳交論文始能獲得學位者，
畢業生應繳交論文，應屆生應繳交論文大綱。
5. 其他有利審查資料：如著作、國科會專題計畫、獎學金證明、社團負責
人或幹部證明、語言能力等證明。
※ 特別歡迎提供英、德、日、法等外文之修課或考試證明。","【參加資格】依資料審查加權後之成績擇優選取至多21 名參加面試。
【面試日期】11 月15 日（星期六）上午 （詳細時間公布於本院網頁）
【注意事項】面試名單及相關資訊於面試前3 日公布於本院網頁，考生請自
行上網查詢。",,"https://www.nccu.edu.tw/p/406-1000-20476,r123.php?Lang=zh-tw","一、考試任何一項或科目零分者，不予錄取。
二、本組之招生名額若有缺額，流用至本系碩士班公法組一般招生考試之名額。
三、申請碩士班甄試入學學生，應於「研究計畫」標明選擇公法甲組或公法乙組。
若獲錄取入學，應受所選擇組別修業條件拘束，不得變更。
其指導教授之選擇應限於其所選擇組別，其論文題目之設定以甲乙組各自領域
為原則。
四、研究生第一年第一學期除有明確特殊事故，原則上不得休學；修業相關規定請
至本院網頁參閱研究生手冊。",,,,,,,,,,,,,,,,
國立政治大學,法學院,法律學系,刑法組,2025/10/14,8,"1.書審50%
2.面試50%","一、須符合下列三項資格之一：
1. 國內大學學士班法律學系、財經法律學系、政治法律學系（含雙學位，不含輔系
生）畢業（含應屆）生，或取得法律學學士學位者，在校學業成績總平均名次在
全系（班）前40%以內。
2. 國內研究所畢業（含應屆）生。
3. 境外大學學士班或研究所畢業（含應屆）生，經報考系所主管核准報考者。
二、不受理同等學力。","1. 學業成績總平均排名證明。
2. 自傳（含性格之自我分析、過去的教育經驗、未來生涯規劃）。
3. 研究計畫（含碩士論文構想方向）。
4. 其他有利審查資料：如學術研究著作、國科會專題計畫、獎學金證明、
參與刑事法相關研究、讀書會或研討會之傑出表現、語言能力證明，或
其他可說明對刑事法有特別表現之資料。
※第2 至3 項資料兩者合計頁數不得超過25 頁，超出頁數不納入評分範
圍。","【參加資格】依資料審查加權後之成績擇優選取至多24 名參加面試。
【面試日期】11 月15 日（星期六）下午（詳細時間公布於本院網頁）
【注意事項】面試名單及相關資訊於面試前3 日公布於本院網頁，考生請自
行上網查詢。",,"https://www.nccu.edu.tw/p/406-1000-20476,r123.php?Lang=zh-tw","一、 考試任何一項或科目零分者，不予錄取。
二、 本組之招生名額若有缺額，流用至本系碩士班同組一般招生考試之名額。
三、 研究生第一年第一學期除有明確特殊事故，原則上不得休學；修業相關規定請
至本院網頁參閱研究生手冊。",,,,,,,,,,,,,,,,
國立政治大學,法學院,法律學系,勞工法與社會法組,2025/10/14,2,"1.書審50%
2.面試50%","一、須符合下列三項資格之一：
1. 國內大學學士班法律學系、以法律學系為雙主修或輔系之畢業（含應屆）生，或
取得法律學學士學位者，在校學業成績總平均名次在全系（班）前50%以內，且
總平均成績在75 分以上。
2. 國內研究所畢業（含應屆）生。非法律研究所畢業者，學士班須為法律學系、以
法律學系為雙主修或輔系之畢業生。
3. 境外大學學士班或研究所畢業（含應屆）生，經報考系所主管核准報考者。
二、不受理同等學力。","1. 學業成績總平均排名證明。
2. 自傳（含性格之自我分析、過去的教育經驗、未來生涯規劃）。
3. 研究計畫。
4. 其他有利審查資料：如著作、國科會專題計畫、獎學金證明、社團負責
人或幹部證明、語言能力等證明。","【參加資格】依資料審查加權後之成績擇優選取至多6 名參加面試。
【面試日期】11 月15 日（星期六）上午（詳細時間公布於本院網頁）
【注意事項】面試名單及相關資訊於面試前3 日公布於本院網頁，考生請自
行上網查詢。",,"https://www.nccu.edu.tw/p/406-1000-20476,r123.php?Lang=zh-tw","一、 考試任何一項或科目零分者，不予錄取。
二、 本組之招生名額若有缺額，流用至本系碩士班同組一般招生考試之名額。
三、 研究生第一年第一學期除有明確特殊事故，原則上不得休學；修業相關規定請
至本院網頁參閱研究生手冊。",,,,,,,,,,,,,,,,
國立政治大學,法學院,法律學系,基礎法學組,2025/10/14,4,"1.書審50%
2.面試50%","一、須符合下列三項資格之一：
1. 國內大學學士班法律學系、以法律學系為雙主修或輔系之畢業（含應屆）生，或
取得法律學學士學位者，在校學業成績總平均在75 分以上，且曾修習基礎法學
相關科目（法理學、法史學、法社會學、法學方法論、以及政大法學院基礎法學
選修學程之科目或相關科目，或人文社會學科相關科目）至少8 學分。
2. 國內研究所畢業（含應屆）生。非法律研究所畢業者，學士班須為法律學系、以
法律學系為雙主修或輔系之畢業生。
3. 境外大學學士班或研究所畢業（含應屆）生，經報考系所主管核准報考者。
二、不受理同等學力。","1. 學業成績總平均排名證明（含足以供確認上述特定報考資格「一」之「1」
所要求之修課紀錄成績單，並請標示相關科目）。
2. 自傳（含報考基礎法學組的動機、曾修習或閱讀與基礎法學相關課程或
文獻的心得、未來生涯規劃）。
3. 研究計畫。
4. 其他有利審查資料：如著作、國科會專題計畫、修課學期報告、獎學金
證明、社團負責人或幹部證明、語言能力等證明。","【參加資格】依資料審查加權後之成績擇優選取至多12 名參加面試。
【面試日期】11 月15 日（星期六）上午（詳細時間公布於本院網頁）
【注意事項】面試名單及相關資訊於面試前3 日公布於本院網頁，考生請自
行上網查詢。",,"https://www.nccu.edu.tw/p/406-1000-20476,r123.php?Lang=zh-tw","一、 考試任何一項或科目零分者，不予錄取。
二、 基礎法學相關科目至少8 學分的採計，由本校法學院基礎法學中心認定。
三、 本組之招生名額若有缺額，流用至本系碩士班同組一般招生考試之名額。
四、 研究生第一年第一學期除有明確特殊事故，原則上不得休學；修業相關規定請
至本院網頁參閱研究生手冊。",,,,,,,,,,,,,,,,
國立政治大學,法學院,法律科際整合研究所,,2025/10/14,14,"1.書審50%
2.面試50%","一、 除有以下情形外，均得報考：
1、已取得法律相關學系（包含雙主修、學位學程）或法律相關研究所學位者。
2、將於入學前取得法律相關學系（包含雙主修、學位學程）或法律相關研究所學位
者。
二、不受理同等學力。","1. 考生基本資料表（請於本所網頁下載）。
2. 自傳與研究計畫（5,000 字以內，自傳部分請簡述與法律相關之經驗，並
提出反思）。
3. 成績排名證明及成績單（成績排名證明請提供累計至報名前一學期的系
所排名或班排名。成績單請附大學或研究所之歷年成績單總表）。
4. 學歷證明及語言能力證明（學歷證明請提供應考學歷及最高學歷畢業證
書，應屆畢業生請附上在學證明。語言能力證明為必備，含檢定或課程
名稱及成績，請務必註明種類與年度）。
5. 其他有利審查資料：如職業證照、專業資格證書、專業工作成就證明等
足資證明個人專業工作成就與能力等資料。
6. 推薦信（至多2 份，無則免附）。","【參加資格】依資料審查加權後之成績擇優選取至多42 名參加面試。
【面試日期】11 月16 日（星期日）（詳細時間公布於本所網頁）
【注意事項】面試名單及相關資訊於面試前3 日公布於本所網頁，考生請自
行上網查詢。",,"https://www.nccu.edu.tw/p/406-1000-20476,r123.php?Lang=zh-tw","一、 考試任何一項或科目零分者，不予錄取。
二、 招生名額若有缺額，流用至本所碩士班一般招生考試之名額。
三、 各項規定每學年視情況調整。
四、 研究生第一年第一學期除有明確特殊事故，原則上不得休學；修業相關規定請
至本所網頁參閱研究生手冊。",,,,,,,,,,,,,,,,
國立政治大學,理學院,應用數學系,,2025/10/14,9,"1.書審40%
2.面試60%",,"1. 歷年成績單總表（含班排名；應屆畢業生應含本學期選課資料）。
2. 自傳（600 字以內，請以A4 格式繕打；含就讀本系碩士班之動機）。
3. 讀書計畫。
4. 其他有利審查資料：如大學基礎數學測驗成績、GRE 成績、得獎證明等。","【參加資格】依資料審查加權後之成績擇優選取本項招生名額至多2 倍人數
參加面試。
【面試日期】11 月10 日（星期一）
【注意事項】1.面試科目以微積分及線性代數為主。
2.面試相關資訊於面試前3 日公布於本系網頁。",,"https://www.nccu.edu.tw/p/406-1000-20476,r123.php?Lang=zh-tw","一、 考試任何一項或科目零分者，不予錄取。
二、 資料審查成績特優考生得逕行錄取（至多3 名），不必參加面試。",,,,,,,,,,,,,,,,
國立政治大學,理學院,心理學系,實驗與發展組,2025/10/14,3,1.面試100%,"一、須符合下列二款資格之一：
1. 大學或研究所之本科系或相關科系畢業（含應屆）生。
2. 符合同等學力，曾修習心理學課程達十學分以上或經高等考試或相當於高等考試
之特種考試心理相關類科及格，持有及格證書者。
二、具研究計畫執行經驗。
※第一項與第二項資格須同時具備。","1. 自傳。
2. 歷年成績單總表。
3. 研究計畫。
4. 其他有利審查資料：大專學生參與國科會專題研究計畫、學術著作、獎
學金證明、GRE 或TOEFL 成績、研究報告等。
5. 推薦信2 份（二位推薦人）。","【參加資格】依資料審查之成績不分組別擇優選取至多30 名參加面試。
【面試日期】11 月15 日（星期六），上午9:00 起。
【注意事項】面試名單及相關資訊於面試前2 日公布於本系網頁。",,"https://www.nccu.edu.tw/p/406-1000-20476,r123.php?Lang=zh-tw","一、考試任何一項或科目零分者，不予錄取。
二、 各組名額於錄取不足額時所遺缺額，得依總成績流用至其他組。",,,,,,,,,,,,,,,,
國立政治大學,理學院,心理學系,社會與人格組,2025/10/14,2,1.面試100%,"一、須符合下列二款資格之一：
1. 大學或研究所之本科系或相關科系畢業（含應屆）生。
2. 符合同等學力，曾修習心理學課程達十學分以上或經高等考試或相當於高等考試
之特種考試心理相關類科及格，持有及格證書者。
二、 具研究計畫執行經驗。
※第一項與第二項資格須同時具備。","1. 自傳。
2. 歷年成績單總表。
3. 研究計畫。
4. 其他有利審查資料：大專學生參與國科會專題研究計畫、學術著作、獎
學金證明、GRE 或TOEFL 成績、研究報告等。
5. 推薦信2 份（二位推薦人）。","【參加資格】依資料審查之成績不分組別擇優選取至多30 名參加面試。
【面試日期】11 月15 日（星期六），上午9:00 起。
【注意事項】面試名單及相關資訊於面試前2 日公布於本系網頁。",,"https://www.nccu.edu.tw/p/406-1000-20476,r123.php?Lang=zh-tw","一、考試任何一項或科目零分者，不予錄取。
二、 各組名額於錄取不足額時所遺缺額，得依總成績流用至其他組。",,,,,,,,,,,,,,,,
國立政治大學,理學院,心理學系,工業與組織組,2025/10/14,2,1.面試100%,"一、須符合下列二款資格之一：
1. 大學或研究所之本科系或相關科系畢業（含應屆）生。
2. 符合同等學力，曾修習心理學課程達十學分以上或經高等考試或相當於高等考試
之特種考試心理相關類科及格，持有及格證書者。
二、 具研究計畫執行經驗。
※第一項與第二項資格須同時具備。","1. 自傳。
2. 歷年成績單總表。
3. 研究計畫。
4. 其他有利審查資料：大專學生參與國科會專題研究計畫、學術著作、獎
學金證明、GRE 或TOEFL 成績、研究報告等。
5. 推薦信2 份（二位推薦人）。","【參加資格】依資料審查之成績不分組別擇優選取至多30 名參加面試。
【面試日期】11 月15 日（星期六），上午9:00 起。
【注意事項】面試名單及相關資訊於面試前2 日公布於本系網頁。",,"https://www.nccu.edu.tw/p/406-1000-20476,r123.php?Lang=zh-tw","一、考試任何一項或科目零分者，不予錄取。
二、 各組名額於錄取不足額時所遺缺額，得依總成績流用至其他組。",,,,,,,,,,,,,,,,
國立政治大學,理學院,心理學系,臨床組,2025/10/14,7,1.面試100%,"一、須符合下列二款資格之一：
1. 大學或研究所之本科系或相關科系畢業（含應屆）生。
2. 符合同等學力，曾修習心理學課程達十學分以上或經高等考試或相當於高等考試
之特種考試心理相關類科及格，持有及格證書者。
二、具研究計畫執行經驗。
※第一項與第二項資格須同時具備。","1. 自傳。
2. 歷年成績單總表。
3. 研究計畫。
4. 其他有利審查資料：大專學生參與國科會專題研究計畫、學術著作、獎
學金證明、GRE 或TOEFL 成績、研究報告等。
5. 推薦信2 份（二位推薦人）。","【參加資格】依資料審查之成績不分組別擇優選取至多30 名參加面試。
【面試日期】11 月15 日（星期六），上午9:00 起。
【注意事項】面試名單及相關資訊於面試前2 日公布於本系網頁。",,"https://www.nccu.edu.tw/p/406-1000-20476,r123.php?Lang=zh-tw","一、考試任何一項或科目零分者，不予錄取。
二、 各組名額於錄取不足額時所遺缺額，得依總成績流用至其他組。",,,,,,,,,,,,,,,,
國立政治大學,理學院,神經科學研究所,,2025/10/14,2,"1.書審50%
2.面試50%",,"1. 考生基本資料表（請於本所網頁下載）。
2. 自傳（以不超過1,000 字為原則）。
3. 歷年成績單總表（含總平均排名之大學以上學業成績）。
4. 研究計畫。
5. 其他有利審查資料：如參與學術性研討會、發表學術研究著作等。
6. 推薦信2 份（二位推薦人，請至本所網站下載「甄試推薦信格式」）。","【參加資格】依資料審查之成績不分組別擇優選取至多30 名參加面試。
【面試日期】11 月15 日（星期六），上午9:00 起。
【注意事項】面試名單及相關資訊於面試前2 日公布於本系網頁。",,"https://www.nccu.edu.tw/p/406-1000-20476,r123.php?Lang=zh-tw",考試任何一項或科目零分者，不予錄取。,,,,,,,,,,,,,,,,
國立政治大學,理學院,應用物理研究所,,2025/10/14,5,1.書審100%,,"1. 讀書計畫。
2. 自傳（請以A4 格式繕打，含選讀本所動機，未來研究方向）。
3. 其他有利審查資料；如GRE 成績、得獎證明、自我介紹影片等，並得另
以視訊方式補充說明。
4. 歷年成績單總表（大專以上成績單總表，需加蓋學校校印或教務處章戳）。
5. 推薦信2 份（格式範本可自本所網頁首頁「招生資訊」內下載）。",,,"https://www.nccu.edu.tw/p/406-1000-20476,r123.php?Lang=zh-tw","一、 經本考試錄取考生，入學後應就計算物理甲組、計算物理乙組、半導體與實驗
物理組擇一為主修組別；半導體與實驗物理組學生的實驗及研究工作在中研院
物理所或本校台灣心智科學腦造影中心進行。
二、 本所整合物理、計算科學的跨領域研究，不限理工學系畢業生報考。
三、 本所另有半導體、AI、機械領域擴充名額，實際招生名額將於教育部核定後另
行公告。",,,,,,,,,,,,,,,,
國立政治大學,資訊學院,資訊科學系,資訊科學與工程組（一般組）,2025/10/14,13,"1.書審60%
2.面試40%",,"1. 考生備審資料摘要表（請於本系網頁下載）。
2. 歷年成績單總表（含系排名，同等學力相當高考類科及格者免附成績單）。
3. 其他有利審查資料：如參與研究計畫、專題報告、各項競賽檢定、證照
等。
4. 推薦信2 份。","【參加資格】依審查資料加權後之成績擇優選取招生名額至多 3.5 倍人數參加面試。
【面試日期】11 月 15 日(星期六)(詳細時間公布於本系網頁)
【注意事項】面試相關資訊於 11 月 12 日公布於本系網頁。",,"https://www.nccu.edu.tw/p/406-1000-20476,r123.php?Lang=zh-tw","一、 本學系分3 組招生，考生限擇1 組報名。
二、 考試任何一項或科目零分者，不予錄取。
三、 本系屬學籍分組，分為「資訊科學與工程組」與「智慧計算組」，依大學辦理招
生規定審核作業要點之規定，名額不得流用。
四、 資料審查成績特優考生得逕行錄取（以招生名額1/2 為限），不必參加面試。",,,,,,,,,,,,,,,,
國立政治大學,資訊學院,資訊科學系,資訊科學與工程組（跨領域組）,2025/10/14,6,"1.書審40%
2.面試40%
3.筆試20%","資訊工程系、資訊管理系、資訊科學系畢業（含應屆）生不得報考跨領域組，但雙主
修生得以報考。","1. 考生備審資料摘要表（請於本系網頁下載，並於表中說明跨領域研究計
畫）。
2. 歷年成績單總表（含系排名，同等學力相當高考類科及格者免附成績單）。
3. 其他有利審查資料：如參與（跨領域）研究計畫、專題報告、各項競賽
檢定、證照等。
4. 推薦信2 份。","【參加資格】依筆試及審查資料加權後之成績擇優選取招生名額至多 2.5 倍人數參加面試。
【面試日期】11 月 13 日(星期四)(詳細時間公布於本系網頁)
【注意事項】面試相關資訊於 11 月 10 日公布於本系網頁。","【筆試日期】11 月 7 日 (星期五)
【筆試科目】14:00-15:40 計算機概論(含計算機程式)
【注意事項】筆試相關資訊於考試前 3 日公布於本系網頁。","https://www.nccu.edu.tw/p/406-1000-20476,r123.php?Lang=zh-tw","一、 本學系分3 組招生，考生限擇1 組報名。
二、 考試任何一項或科目零分者，不予錄取。
三、 本系屬學籍分組，分為「資訊科學與工程組」與「智慧計算組」，依大學辦理招
生規定審核作業要點之規定，名額不得流用。",,,,,,,,,,,,,,,,
國立政治大學,資訊學院,資訊科學系,智慧計算組,2025/10/14,6,"1.書審60%
2.面試40%",,"1. 考生備審資料摘要表（請於本系網頁下載）。
2. 歷年成績單總表（含系排名，同等學力相當高考類科及格者免附成績單）。
3. 其他有利審查資料：如參與研究計畫、專題報告、各項競賽檢定、證照
等。
4. 推薦信2 份。","【參加資格】依審查資料加權後之成績擇優選取招生名額至多 3.5 倍人數參加面試。
【面試日期】11 月 15 日(星期六)(詳細時間公布於本系網頁)
【注意事項】面試相關資訊於 11 月 12 日公布於本系網頁。",,"https://www.nccu.edu.tw/p/406-1000-20476,r123.php?Lang=zh-tw","一、 本學系分3 組招生，考生限擇1 組報名。
二、 考試任何一項或科目零分者，不予錄取。
三、 本系屬學籍分組，分為「資訊科學與工程組」與「智慧計算組」，依大學辦理招
生規定審核作業要點之規定，名額不得流用。
四、 資料審查成績特優考生得逕行錄取（以招生名額1/2 為限），不必參加面試。",,,,,,,,,,,,,,,,
國立政治大學,資訊學院,資訊安全碩士學位學程,,2025/10/14,8,"1.書審50%
2.面試50%",,"1. 考生基本資料表（請於本學程網頁下載）。
2. 歷年成績單總表（含系排名，若成績單總表未有列示排名者，需另附排
名證明文件；同等學力相當高考類科及格者免附成績單）。
3. 其他有利審查資料：如參與研究計畫、專題報告、各項競賽檢定、證照
等。
4. 推薦信2 份。","【參加資格】依審查資料加權後之成績擇優選取至多32 名參加面試。
【面試日期】11 月7 日（星期五）（詳細時間公布於本學程網頁）
【注意事項】面試相關資訊於 10 月31 日公布於本學程網頁。",,"https://www.nccu.edu.tw/p/406-1000-20476,r123.php?Lang=zh-tw","一、 考試任何一項或科目零分者，不予錄取。
二、 資料審查成績特優考生得逕行錄取（以招生名額1/2 為限），不必參加面試。",,,,,,,,,,,,,,,,
國立政治大學,創新國際學院,全球傳播與創新科技碩士學位學程,,2025/10/14,10,"1.書審50%
2.面試50%",,"1. 考生基本資料表（表格請至本學程網頁下載填寫）。
2. 學歷證件及歷年成績單（學歷證件為最高學歷畢業證書，若為應屆畢業
生，請附上在學證明影本；歷年成績單為大學以上階段之成績單總表）。
3. 自傳及讀書計畫（自傳分別以中、英文撰寫各500 字內，讀書計畫以英
文撰寫1,500 字內）。
4. 語言能力檢定證明（僅限TOEFL、IELTS、TOEIC 或全民英檢成績，若考
生有其他外國語言之檢定測驗成績證明，亦可一併繳交，以供參考）。
5. 其他有利審查資料：如相關作品參展與得獎紀錄、國科會參與專題研究
計畫、論文報告、獎學金證明、相關作品、國際交換生經驗、實習經驗
等。作品格式不拘，中文作品需附300 字內英文摘要；英文及其他語言
作品需附300 字內中文摘要（影音作品請先上傳至影音分享網站，例如
YouTube 並將作品名稱及網址表列於 A4 直式格式）。
6. 推薦信（2 份）。
※檔案請以A4 直式格式製作，並將相關資料掃描或編輯製作成PDF 檔案
上傳。
※創作作品、研討會論文、國科會專題計畫、各項競賽作品，若為多人參與，
必須附上每位參與者貢獻比例說明及佐證資料。","【參加資格】依資料審查加權後之成績擇優選取招生名額至多2 倍人數參加
面試。
【面試日期】11 月8 日（星期六）（詳細時間公布於本學程網頁）
【注意事項】面試相關資訊於 11 月5 日（星期三）公布於本學程網頁，考生
請自行上網查詢。",,"https://www.nccu.edu.tw/p/406-1000-20476,r123.php?Lang=zh-tw","一、本學程受理境外持有海外工作（或就學、交換）證明者，得申請視訊面試，相關
訊息將公告於本學程網頁，請考生留意網頁訊息並配合辦理。
二、考試任何一項或科目零分者，不予錄取。",,,,,,,,,,,,,,,,
國立成功大學,文學院,中國文學系,,2025/10/2,4,"1.審查60%
2.面試40%","一、大 學 在校學業成績系班組排名名次列於前35%(含)者(境外大學名次排名免繳)。
二、不受理同等學力。","一、大學歷年成績單
二、自傳
三、研究計畫
四、小論文、報告及符合學術規範論文一篇
五、推薦函二封(於報名系統操作)",,,甄戰_115推甄簡章-國立成功大學.pdf,"一、審查成績通過者,再通知面試。
二、非本科系考生,錄取後,將視實際需要,至大學部補修相關專業課程。",,,,,,,,,,,,,,,,
國立成功大學,文學院,外國文學系,甲組,2025/10/2,5,"1.審查50%
2.面試50%",,"一、大專歷年成績單
二、讀書計畫
三、英文寫作/作品[應為學生個人作品(writing samples)]
四、其他有助於審查之相關資料
五、推薦函二封(於報名系統操作)",,,甄戰_115推甄簡章-國立成功大學.pdf,"一、審查成績通過者,再通知面試。
二、審查成績優異者得免面試優先錄取(以招生名額 1/2 為限)。
三、非本科系考生錄取後,應依規定至大學部補修基礎課程。",,,,,,,,,,,,,,,,
國立成功大學,文學院,外國文學系,乙組,2025/10/2,5,"1.審查40%
2.面試60%",,"一、大專歷年成績單
二、英語能力檢定證明(應檢附含英文寫作、CEFR-B2 以上等級之英語能力檢定證明,且英文寫作部分之成績亦須達 B2 等級以上。)
三、其他有助於審查之相關資料(如研究計畫、論文、作品或獎狀等)
四、推薦函二封(於報名系統操作)",,"英文閱讀與評析【不列入計分,但成績須達 60 分】",甄戰_115推甄簡章-國立成功大學.pdf,"一、審查成績通過者,再通知面試。
二、審查成績優異者得免面試優先錄取(以招生名額 1/2 為限)。
三、非本科系考生錄取後,應依規定至大學部補修基礎課程。",,,,,,,,,,,,,,,,
國立成功大學,文學院,歷史學系,,2025/10/2,7,"1.審查50%
2.面試50%","一、大學在校學業成績系班組排名名次列於前 50%(含)者(境外大學名次排名免繳)。
二、同等學力者:專科畢業生符合畢業成績系班組排名前 40%(含)者;其餘同等學力資格須附取得該報考資格之排名文件。","一、大專歷年成績單(含名次證明)或同等學力排名文件
二、自傳(以 2 頁為限)
三、研究計畫(以 2 頁為限),格式請至本系網頁下載
四、其他有助於審查之相關資料(如學術性著作與各類語言檢定證明等)
五、推薦函二封(於報名系統操作)",包括提問指定閱讀書目內容。,,甄戰_115推甄簡章-國立成功大學.pdf,"一、審查成績通過者,再通知面試。
二、非本科系考生錄取後,將視實際狀況依規定至大學部補修相關專業課程。
三、指定閱讀書目,請參閱系網頁。
四、審查資料須完整,缺件扣分。",,,,,,,,,,,,,,,,
國立成功大學,文學院,藝術研究所,,2025/10/2,7,"1.審查50%
2.面試50%","一、大學在校學業成績系班組排名名次列於前 50%(含)者(境外大學名次排名免繳)。
二、同等學力:專科畢業生符合畢業成績系班組排名前 30%(含)者;其餘同等學力須符合該項報考資格成績排名之前 30%(含)。","一、大專歷年成績單(含名次證明)或同等學力排名文件
二、自傳
三、學習及研究計畫
四、作品資料(近四年之作品圖片、發表展出、獲獎紀錄及創作心得等)
五、其他有助於審查之相關資料(如語言檢定、證照等)",,,甄戰_115推甄簡章-國立成功大學.pdf,"一、審查成績通過者,再通知面試。
二、本所設有外語畢業門檻,相關規定參閱本所網頁",,,,,,,,,,,,,,,,
國立成功大學,文學院,台灣文學系,,2025/10/2,7,"1.審查50%
2.面試50%",,"一、大專歷年成績單
二、研究計畫
三、曾發表之文章或論文(一至三篇)
四、其他有助於審查之相關資料
五、境外大學畢業生應繳交足以證明台灣本國語文能力之文件或作品",,,甄戰_115推甄簡章-國立成功大學.pdf,"一、審查成績通過者,再通知面試。
二、研究方向
甲組:研究主題以台灣文學、歷史、文
化研究或台灣語文為主。
乙組:研究主題為東南亞原生文化研
究或台灣和東南亞國家之人文比較研
究。
三、語文能力檢定畢業門檻規定,請參閱本系網頁。",,,,,,,,,,,,,,,,
國立成功大學,文學院,考古學研究所,,2025/10/2,7,"1.審查50%
2.面試50%",,"一、大專歷年成績單(含名次證明)
二、研究計畫
三、其他有助於審查之相關資料
四、推薦函二封(於報名系統操作)",,,甄戰_115推甄簡章-國立成功大學.pdf,"一、大專歷年成績單(含名次證明)
二、研究計畫
三、其他有助於審查之相關資料
四、推薦函二封(於報名系統操作)",,,,,,,,,,,,,,,,
國立成功大學,文學院,戲劇碩士學位學程,,2025/10/2,3,"1.審查50%
2.面試50%","一、大學在校學業成績系班組排名名次列於前 50%(含)者(境外大學名次排名免繳)。
二、同等學力:專科畢業生符合畢業成績系班組排名前 30%(含)者;其餘同等學力須符合該項報考資格成績排名之前 30%(含)。","一、大專歷年成績單(含名次證明)或同等學力排名文件
二、自傳
三、學習及研究計畫
四、作品資料(近四年之作品圖片、發表展出、獲獎紀錄及創作心得等)
五、其他有助於審查之相關資料(如語言檢定、證照等)",,,甄戰_115推甄簡章-國立成功大學.pdf,"一、審查成績通過者,再通知面試。
二、本所設有外語畢業門檻,相關規定請參閱本所網頁。",,,,,,,,,,,,,,,,
國立成功大學,理學院,數學系應用數學碩士班,,2025/10/2,10,"1. 筆試50%
2.審查10%
3.面試40%","一、大 學 在校學業成績系班組排名名次列於前65%(含)者(境外大學名次排名免繳)。
二、同等學力:專科畢業生符合畢業成績系班組排名前 40%(含)者;其餘同等學力資格須附取得該報考資格之排名文件。","一、大專歷年成績單或同等學力排名文件
二、研究計畫(2 頁內)
三、其他有助於審查之相關資料
四、推薦函二封(於報名系統操作)",,"一、高等微積分(25%)
二、線性代數(25%)",甄戰_115推甄簡章-國立成功大學.pdf,"一、筆試及審查成績通過者,進入面試名單將公佈於本系網頁,不另行書面通知。
二、筆試及審查成績優異者得免面試優先錄取(以招生名額 1/2 為限)。面試名單由本系網頁公告,不另行書面通知。
三、提供多項獎助學金。",,,,,,,,,,,,,,,,
國立成功大學,理學院,物理學系,,2025/10/2,38,"1.審查40%
2.面試60%",不受理同等學力。,"一、大學歷年成績單(含名次證明)
二、其他有助於審查之相關資料
三、推薦函二封(於報名系統操作)",,,甄戰_115推甄簡章-國立成功大學.pdf,"一、審查成績通過者,進入面試名單將公佈於本系網頁,不另行書面通知。
二、審查成績優異者得免面試優先錄取(以招生名額 2/3 為限)。
三、正取前二名提供第一學期獎學金每月壹萬元。",,,,,,,,,,,,,,,,
國立成功大學,理學院,光電科學與工程學系,,2025/10/2,50,"1.審查40%
2.面試60%","一、大 學 在校學業成績系班組排名名次列於前70%(含)者(境外大學名次排名免繳)。
二、不受理同等學力。","一、基本資料表(格式請至本系網之表單下載)
二、大學歷年成績單(含名次)
三、其他有助於審查之相關資料(多人合作者須詳註合作者姓名及自己負責部分,並請指導老師或系所主管簽名)
四、推薦函二封(於報名系統操作)",,,甄戰_115推甄簡章-國立成功大學.pdf,"一、審查成績通過者,進入面試名單及面試時間將公告於本系網頁,面試時間另以 email 通知(請勿提供@hotmail信箱)。
二、審查成績優異者得免面試優先錄取(以招生名額 2/3 為限)。",,,,,,,,,,,,,,,,
國立成功大學,理學院,化學系,,2025/10/2,37,"1.審查60%
2.面試40%","一、大學在校學業成績系班組排名名次列於前50%(含)者(境外大學名次排名免繳)。
二、不受理同等學力。","一、考生個人資料表(格式請至本系網頁下載)
二、大學歷年成績單
三、專題研究報告,以 15 頁為原則(需指導教授簽名並註明貢獻度)
四、指導教授推薦函一封(於報名系統操作)",,,甄戰_115推甄簡章-國立成功大學.pdf,"一、審查成績通過者,再公告面試。
二、審查成績優異者得免面試優先錄取(以招生名額 1/2 為限)。
三、研究方向
有機化學、無機化學、物理化學、分析化學、化學生物
四、擇優提供獎學金。",,,,,,,,,,,,,,,,
國立成功大學,理學院,地球科學系,,2025/10/2,12,"1.審查40%
2.面試60%","一、大學在校學業成績系班組排名名次列於前60%(含)者(境外大學名次排名免繳)。
二、同等學力:專科畢業生符合畢業成績系班組排名前 40%(含)者;其餘同等學力須符合該項報考資格成績排名之前 40%(含)。
三、地球科學相關學系之畢業生不得報考乙組。","一、大專歷年成績單或同等學力排名文件
二、碩士學位研究計畫書
三、其他有助於審查之相關資料
四、推薦函二封(於報名系統操作)",,,甄戰_115推甄簡章-國立成功大學.pdf,"一、審查成績通過者,再通知面試。
二、審查成績優異者得免面試優先錄取(以招生名額 1/3 為限)。
三、擇優提供獎學金。",,,,,,,,,,,,,,,,
國立成功大學,生物科學與科技學院,生命科學系,,2025/10/2,17,"1.審查40%
2.面試60%",,"一、大專歷年成績單
二、面試資料表(格式請至本系網頁下載)
三、過去研究經驗及未來研究計劃
四、其他有助於審查之相關資料
五、推薦函二封(於報名系統操作)",,,甄戰_115推甄簡章-國立成功大學.pdf,"一、審查成績通過者,再通知參加面試。
二、研究方向
甲組:生物醫學
乙組:基因體與生物科技
丙組:生態學
三、提供各組甄試成績第一名第一學期獎學金。",,,,,,,,,,,,,,,,
國立成功大學,生物科學與科技學院,生物科技與產業科學系,,2025/10/2,25,"1.審查40%
2.面試60%",同等學力:專科畢業生符合畢業成績系班組排名前50%(含)者;其餘同等學力資格須附取得該報考資格之證明文件。,"一、大專歷年成績單(含名次證明)
二、過去研究經驗及未來研究計畫(請勿附讀書計畫)
三、自傳
四、其他有助於審查之相關資料
五、推薦函二封(於報名系統操作)",,,甄戰_115推甄簡章-國立成功大學.pdf,"一、審查成績通過者,進入面試名單將公佈於本系網頁,不另行書面通知。
二、審查成績優異者得免面試優先錄取(以招生名額 2/3 為限)。
三、若附有研究成果,須經指導老師簽名。
四、第1名錄取者提供至少 1 年獎學金,每月 1 萬元。
五、本所必修課程以英文授課為主。",,,,,,,,,,,,,,,,
國立成功大學,生物科學與科技學院,熱帶植物與微生物科學研究所,,2025/10/2,5,"1.審查40%
2.面試60%",,"一、大專歷年成績單(含名次證明)
二、面試資料表(格式請至本所網頁下載)
三、過去研究經驗及未來研究計劃
四、其他有助於審查之相關資料
五、推薦函二封(於報名系統操作)",,,甄戰_115推甄簡章-國立成功大學.pdf,"一、審查成績通過,再通知參加面試。
二、一般生第一名者將提供獎學金。
三、在職生報到時須繳交服務機關之在職進修同意書(格式不拘)。",,,,,,,,,,,,,,,,
國立成功大學,工學院,機械工程學系,,2025/10/2,138,"1.審查60%
2.面試40%",,"一、各組審查資料表及考生總表(格式請至本系網頁下載)
二、班及系名次證明(格式請至本系網頁下載)
三、大專歷年成績單
四、自傳與讀書計畫(各以三百字為限,共不超過二頁)
五、其他有助於審查之相關資料(如本系大學部學程或外校相關學程的修課記錄、英文能力證明、技術證照、研究所能力考試證明、專題報告、著作及獲獎事實等。)",,,甄戰_115推甄簡章-國立成功大學.pdf,"一、考生僅限報考一組。
二、不需推薦函。
三、審查成績通過者,進入面試名單將公佈於本系網頁,不另行書面通知。
四、審查成績優異者得免面試優先錄取(以各組招生名額 2/3 為限)
五、研究方向
甲組:熱流科學與能源組
乙組:固體力學組
丙組:機械設計組
丁組:機械製造與材料組
戊組:機械系統自動控制組
六、提供各組錄取榜單第一名(榜首)第一學期助學金,另擇優提供助學金若干名。助學金金額、名額及支領方式得依本校預算經費編列作適度之調整。
七、考生請至本系網站下載「審查資料表」及「考生總表」,除於報名時上傳並須另行 email 至表格上之信箱。",,,,,,,,,,,,,,,,
國立成功大學,工學院,化學工程學系,,2025/10/2,86,"1.審查60%
2.面試40%","一、科系(含雙主修主系)名稱含""化學工程""或""化工""科系畢業生(含應屆及同等學力)限報甲組。
二、雙主修生之加修學系為前項科系之畢業生(含應屆)可報考甲組或乙組。
三、其他限報考乙組。","一、系所審查資料表(請至本系網頁招生專區下載)
二、大學歷年成績單(含名次及排名百分比),成績單若無排名百分比,請另附名次證明文件。
三、其他有助於審查之相關資料(如外語能力證明,論文或專題報告等)。
四、推薦函一封(於報名系統操作)。本系注重專題研究/論文評量,若有專題研究/論文報告者,請務必繳交並檢附專題指導教授之推薦函。",,,甄戰_115推甄簡章-國立成功大學.pdf,"一、考生僅限報考一組。
二、審查成績通過者,再通知面試,面試名單將公佈於本系網頁,不另行書面通知。
三、審查成績優異者得免面試優先錄取(以各組招生名額 2/3 為限)。
四、甲組考生須已修習單元操作、化學反應工程及化工熱力學且符合及格標準(60 分),錄取報到時,應繳交成績證明文件,以供查核。上列科目於報到時尚未修畢者,於取得達及格標準成績後隨即繳交成績證明文件,最遲應於 115 學年度第一學期開學日前繳交,違反規定報考或未於期限繳交成績證明文件者,取消錄取資格。
五、碩士班畢業資格規定請參閱本系網頁學生專區碩士班。",,,,,,,,,,,,,,,,
國立成功大學,工學院,資源工程學系,,2025/10/2,24,"1.審查50%
2.面試50%",,"一、大專歷年成績單
二、研究計畫書
三、自傳
四、其他有助於審查之相關資料
五、推薦函二封(於報名系統操作)",,,甄戰_115推甄簡章-國立成功大學.pdf,"一、考生僅限報考一組。
二、資料審查成績通過者,再通知面試,面試名單將公佈於本系網頁,不另行書面通知。
三、審查成績優異者得免面試優先錄取(以各組招生名額 2/3 為限)。
四、研究方向
甲組:大地工程及大地資源
乙組:礦物材料及資源再生
丙組:資源管理及經濟",,,,,,,,,,,,,,,,
國立成功大學,工學院,材料科學及工程學系,,2025/10/2,60,"1.審查50%
2.面試50%",不受理同等學力。,"一、大學歷年成績單(含名次證明)
二、個人資料表(格式請至系網頁下載)
三、其他有助於審查之相關資料(如論文著作等)
四、推薦函二封(於報名系統操作)",,,甄戰_115推甄簡章-國立成功大學.pdf,"一、審查成績通過者,進入面試名單、時間將公佈於本系網頁,不另行書面通知。
二、審查成績優異者得免面試優先錄取(以招生名額 2/3 為限)。
三、「普通化學」、「普通物理」或其對等科目各須修滿6學分;未符合規定者,錄取後須補足。
四、擇優提供獎學金(需協助教學行政工作)。",,,,,,,,,,,,,,,,
國立成功大學,工學院,材料科學及工程學系綠色應用材料碩士班,,2025/10/2,7,1.審查100%,不受理同等學力。,"一、大學歷年成績單(含名次證明)
二、個人資料表(格式請至系網頁下載)
三、其他有助於審查之相關資料(如論文著作等)
四、推薦函二封(於報名系統操作)",,,甄戰_115推甄簡章-國立成功大學.pdf,"「普通化學」、「普通物理」或其對等科目各須修滿 6 學分;未符合規定者,錄取後須補足。",,,,,,,,,,,,,,,,
國立成功大學,工學院,土木工程學系,,2025/10/2,64,"1.審查50%
2.面試50%",不受理同等學力。,"一、大學歷年成績單(含名次證明)
二、自傳
三、讀書計畫
四、其他有助於審查之相關資料(如學術論文、研究報告或工作證明)
五、推薦函二封(於報名系統操作)",,,甄戰_115推甄簡章-國立成功大學.pdf,"一、資料審查成績通過者,再通知面試。
二、審查成績優異者得免面試優先錄取(以各組招生名額 2/3 為限)。
三、擇優提供獎學金。
四、非本科系之錄取生,未修相關基礎課程者,請詳閱「國立成功大學土木工程學系碩、博士班畢業學分認定實施要點」之修業規定。
五、研究方向
甲組:結構工程
乙組:大地工程
丙組:交通工程
丁組:結構材料
戊組:工程資訊與管理",,,,,,,,,,,,,,,,
國立成功大學,工學院,水利及海洋工程學系,,2025/10/2,27,"1.審查50%
2.面試50%",不受理同等學力。,"一、大學歷年成績單(含名次證明、境外大學名次排名免繳)
二、讀書計畫書及自傳
三、其他有助於審查之相關資料(如英語能力檢定、獎勵等)
四、推薦函一封(於報名系統操作)",,,甄戰_115推甄簡章-國立成功大學.pdf,"一、審查成績通過者,再通知面試。
二、審查成績優異者得免面試優先錄取(以各組招生名額 2/3 為限)。
三、各組擇優提供一學期獎學金。獎學金金額及名額得依校方預算經費編列作適度調整。
四、研究方向
甲組:水資源工程
乙組:海岸及海洋工程",,,,,,,,,,,,,,,,
國立成功大學,工學院,工程科學系,,2025/10/2,64,"1.審查50%
2.面試50%",不受理同等學力。,"一、大學歷年成績單(含排名)
二、讀書計畫書及自傳
三、其他有助於審查之相關資料(如專題報告、修課情形、參與研究之計畫等)
四、推薦函二封(於報名系統操作)",,,甄戰_115推甄簡章-國立成功大學.pdf,"一、審查成績通過者,再通知面試。
二、審查成績優異者得免面試優先錄取(以各組招生名額 2/3 為限)。
三、擇優提供成績優異獎學金。
四、研究方向
甲組:(控制與通訊組)電機控制與通訊
乙組:(資訊工程與應用組) 嵌入式系統、數位學習系統、大數據系統、資料庫系統、醫療資訊系統、應用資訊系統
丙組:(奈米生醫與量子電腦組)奈米生醫系統、微流體晶片、量子科技、量子資訊、量子光學
丁組:(先進材料與固體力學組)系統構裝、力學分析、系統模擬分析
戊組:(熱流及能源工程組)電子構裝與製程、奈米與生物科技、熱流分析
己組:(系統整合暨智慧機器人組)機電系統整合",,,,,,,,,,,,,,,,
國立成功大學,工學院,系統及船舶機電工程學系,,2025/10/2,28,"1.審查60%
2.面試40%",不受理同等學力。,"一、大學歷年成績單(含班組排名),成績單若無排名請另附名次證明文件。
二、自傳
三、研究計畫書
四、其他有助於審查之相關資料(如其他特殊研究成果或學術榮譽或專題報告)
五、推薦函二封(於報名系統操作)",,,甄戰_115推甄簡章-國立成功大學.pdf,"一、審查成績通過者,再通知面試。
二、審查成績優異者得免面試優先錄取(以各組招生名額 1/2 為限)。
三、本系為跨領域研究及科技整合之系所,研究發展領域包括電控系統、船舶系統設計、綠能科技與水下載具技術等。本系研究方向如下說明:
甲組:流體力學、水中聲學、熱傳設計、波浪發電、離岸風電。
乙組:機電整合、結構可靠度分析、微感測器設計、金屬積層製造。
丙組:船舶設計、智慧船舶、推進系統、造機設計、輪機工程、水下載具。
丁組:電控系統、電力系統、資通訊系統、噪音控制、導航控制、訊號處理、水下光學。",,,,,,,,,,,,,,,,
國立成功大學,工學院,航空太空工程學系,,2025/10/2,54,"1.審查50%
2.面試50%",,"一、大專歷年成績單(含班組排名),成績單若無排名請另附名次證明文件。
二、自傳(個人簡歷、曾參與之研究、計畫、論文、著作、社團活動、獎勵等)
三、研究計畫書
四、其他特殊研究成果或學術榮譽
五、推薦函二封(於報名系統操作)",,,甄戰_115推甄簡章-國立成功大學.pdf,"一、審查成績通過者,進入面試名單、時間將公佈於本系網頁,不另行書面通知。
二、審查成績優異者得免面試優先錄取(以各組招生名額 2/3 為限)。
三、面試內容:數理基礎及專長科目。
甲組:燃燒推進與熱傳
乙組:結構與材料
丙組:控制與導航
丁組:流體與空氣動力學
四、成績優良者提供獎學金。",,,,,,,,,,,,,,,,
國立成功大學,工學院,民航研究所,,2025/10/2,4,"1.審查50%
2.面試50%",,"一、大專歷年成績單(含班組排名),成績單若無排名請另附名次證明文件。
二、自傳(個人簡歷、曾參與之研究、計畫、論文、著作、社團活動、獎勵等)
三、研究計畫書
四、其他特殊研究成果或學術榮譽
五、推薦函二封(於報名系統操作)",,,甄戰_115推甄簡章-國立成功大學.pdf,"一、審查成績通過者,進入面試名單、時間將公佈於航太系網頁,不另行書面通知。
二、審查成績優異者得免面試優先錄取(以招生名額 2/3 為限)。
三、面試內容:數理基礎及民航概論
四、學生畢業前須完成業界 162 小時實習。
五、成績優良者提供獎學金。",,,,,,,,,,,,,,,,
國立成功大學,工學院,環境工程學系,,2025/10/2,23,"1.審查50%
2.面試50%","同等學力:專科畢業生符合畢業成績系班組排名前 30%(含) 者,其餘同等學力資格須附取得該報考資格之排名文件。","一、大專歷年成績單(含班組排名),成績單若無排名請另附名次證明文件。
二、自傳(個人簡歷、工作經歷、曾參與之專題研究、論文、著作、社團活動、獎勵等)
三、研究計畫書
四、其他有助於審查之相關資料(如執行及申請科技部/國科會補助大專學生研究計畫、英文能力檢定成績證明/獎勵證明等)
五、推薦函二封(於報名系統操作)",,,甄戰_115推甄簡章-國立成功大學.pdf,"一、審查成績優異者得免面試優先錄取(以各組招生名額 2/3 為限)。其餘依審查成績排序擇優通知參加面試。
二、在職生錄取報到時須繳交服務機關之在職進修同意書(格式不拘)。
三、非本科系之錄取生,未修相關基礎課程者,請參閱本系網頁/研究生手冊,補修完成後方能畢業。
四、有關英文能力考核及畢業資格要求,請參閱本系研究生手冊。
五、歡迎非工學院及對跨領域研究有興趣之同學報考。",,,,,,,,,,,,,,,,
國立成功大學,工學院,測量及空間資訊學系,,2025/10/2,17,"1.審查50%
2.面試50%",不受理同等學力。,"一、大學歷年成績單(含班組排名),成績單若無排名請另附名次證明文件。
二、自傳
三、研究計畫書
四、其他有助於審查之相關資料
五、推薦函二封(於報名系統操作)",,,甄戰_115推甄簡章-國立成功大學.pdf,"一、審查成績通過者,再通知面試。
二、審查成績優異者得免面試優先錄取(以招生名額 2/3 為限)。",,,,,,,,,,,,,,,,
國立成功大學,工學院,生物醫學工程學系,,2025/10/2,25,"1.審查50%
2.面試50%",,"一、大學歷年成績單(含班系排名)
二、自傳(個人簡歷、曾參與之研究、計畫、論文、著作、社團活動、獎勵等)
三、研究計畫書
四、其他有助於審查之相關資料
五、推薦函二封(於報名系統操作)",,,甄戰_115推甄簡章-國立成功大學.pdf,"一、考生僅限報考一組。
二、審查成績通過者,進入面試名單將公告於本系網頁,並書面通知面試。
三、審查成績優異者得免面試優先錄取(以各組招生名額 1/2 為限)。
四、研究方向
甲組:生物力學、生醫材料、組織工程、復健工程、細胞力學。
乙組:醫學電子與資訊、醫療量測與系統、生醫感測。
丙組:提供醫學、生物科技或健康照護相關背景學士,應用工程相關技術,從事醫療與健康照護促進之跨領域生物醫學工程之研究與開發應用。",,,,,,,,,,,,,,,,
國立成功大學,工學院,生物醫學工程學系醫療器材創新國際碩士班,,2025/10/2,4,"1.審查50%
2.面試50%",,"一、大學歷年成績單(含班系排名)
二、自傳(個人簡歷、曾參與之研究、計畫、論文、著作、社團活動、獎勵等)
三、研究計畫書
四、其他有助於審查之相關資料
五、推薦函二封(於報名系統操作)",,,甄戰_115推甄簡章-國立成功大學.pdf,"一、審查成績通過者,進入面試名單將公告於本系網頁,並書面通知面試。
二、備審資料請以英文撰寫。
三、採英文授課。
四、歡迎商管、設計、理工、生醫與法規等相關背景報考。
五、研究方向
丁組:醫材創新組-醫材臨床需求探索到商品化之開發設計、商業模式與國際行銷。
戊組:醫材法規組-針對醫療器材上市許可的專利智材、查驗登記與法規取證。",,,,,,,,,,,,,,,,
國立成功大學,工學院,海洋科技與事務研究所,,2025/10/2,5,"1.審查50%
2.面試50%",,"一、大專歷年成績單((含排名,境外大學排名免繳)
二、自傳(一千字以上,含簡歷、讀書計畫、社團活動等)
三、其他有助審查之相關資料(如英語能力檢定、獎勵等)
四、推薦函一封(於報名系統操作)",,,甄戰_115推甄簡章-國立成功大學.pdf,"一、審查通過者,再通知面試。
二、審查成績優異者得免面試優先錄取(以招生名額 2/3 為限)。",,,,,,,,,,,,,,,,
國立成功大學,工學院,自然災害減災及管理國際碩士學位學程,,2025/10/2,3,"1.審查50%
2.面試50%",,"一、大專歷年成績單(含排名,境外大學排名免繳)
二、英文自傳(一千字以內)
三、英文讀書計畫 (一千字以內)
四、其他有助於審查之相關資料(如英語能力檢定、獎勵等)
五、推薦函一封(於報名系統操作)",,,甄戰_115推甄簡章-國立成功大學.pdf,"一、審查通過者,再通知面試。
二、審查成績優異者得免面試優先錄取(以招生名額 2/3 為限)。
三、須以英文撰寫學位論文。",,,,,,,,,,,,,,,,
國立成功大學,工學院,能源工程國際碩士學位學程,,2025/10/2,5,"1.審查50%
2.面試50%",,"一、大專歷年成績單(含班組排名),成績單若無排名請另附名次證明文件。
二、自傳(個人簡歷、曾參與之研究、計畫、論文、著作、社團活動、獎勵等)
三、研究計畫書
四、其他特殊研究成果或學術榮譽
五、推薦函二封(於報名系統操作)",,,甄戰_115推甄簡章-國立成功大學.pdf,"一、審查成績通過者,進入面試名單、時間將公佈於本學程網頁,不另行書面通知。
二、審查成績優異者得免面試優先錄取(以招生名額 2/3 為限)。
三、面試內容:英文能力、數理基礎及能源概論。
四、成績優良者提供獎學金。
五、全部課程以英語授課。",,,,,,,,,,,,,,,,
國立成功大學,工學院,太空系統工程研究所,,2025/10/2,9,"1.審查50%
2.面試50%",,"一、大專歷年成績單(含班組排名),成績單若無排名,請另附名次證明文件。
二、自傳(個人簡歷、曾參與之研究、計畫、論文、著作、社團活動、獎勵等)
三、研究計畫書
四、其他特殊研究成果或學術榮譽
五、推薦函二封(於報名系統操作)",,,甄戰_115推甄簡章-國立成功大學.pdf,"一、審查成績通過者,進入面試名單、時間將公佈於航太系網頁,不另行書面通知。
二、審查成績優異者得免面試優先錄取(以招生名額 2/3 為限)。
三、面試內容:數理、太空工程及系統工程相關基礎。
四、成績優良者提供獎學金。",,,,,,,,,,,,,,,,
國立成功大學,電機資訊學院,電機工程學系,,2025/10/2,196,"1.審查60%
2.面試40%
",,"一、大專歷年成績單(含名次證明)
二、研究計畫書
三、自傳
四、其他有助於審查之證明文件或專題報告等(專
題作品為多人合作者,須詳細註明合作者姓名
及自己所負責部分,並請指導老師或系所主管
簽名,若有不實者,不予錄取)
五、個人審查資料(請至系網頁招生公告-碩士班
甄試系統下載)
六、推薦函二封(於報名系統操作)",,,甄戰_115推甄簡章-國立成功大學.pdf,"一、審查通過者,再通知面試。
二、審查成績優異者得免面試優先錄取
(以各組招生名額 2/3 為限)。
三、研究方向
甲組:電子陶瓷、半導體元件、光電元
件、微機電元件、5G/6G 通訊元件、
高熵材料、能源材料與元件
乙組:系統控制、機器人、智慧型系統、
電力電子控制、人工智慧、生物資訊及
計算系統生物、生成式 AI
丙組:電力系統、電力電子、電源管理
IC、電機設計、電機控制、再生能源系
統
丁組:積體電路設計、智慧晶片與系
統、電子設計自動化
戊組:晶片儀器系統、生物電子及資訊
系統、微波生醫、顯示器、微機電、檢
測科技
己組:資訊工程組。包含物聯網(IOT)、
嵌入式系統(嵌入式軟體)、無線網路及
通訊、雲端計算、網路安全、軟體工程、
資料科學、資料探勘、資料庫、大數據
系統、系統晶片設計、影像處理、人工
智慧、電腦動畫、多媒體網際網路應
用、未來網際網路技術等。",,,,,,,,,,,,,,,,
國立成功大學,電機資訊學院,微電子工程研究所,,2025/10/2,38,"1.審查100%
",,"一、大專歷年成績單(含名次證明)
二、研究計畫書
三、自傳
四、其他有助於審查之證明文件或專題報告等(專
題作品為多人合作者,須詳細註明合作者姓名
及自己所負責部分,並請指導老師或系所主管
簽名,若有不實者,不予錄取)
五、個人審查資料(請至電機系網頁招生公告-碩
士班甄試系統下載)
六、推薦函二封(於報名系統操作)",,,甄戰_115推甄簡章-國立成功大學.pdf,"研究方向
半導體材料/元件、光電元件/系統與積體
電路製程",,,,,,,,,,,,,,,,
國立成功大學,電機資訊學院,通訊工程研究所,,2025/10/2,34,"1.審查50%
2.面試50%
",,"一、大專歷年成績單(含名次證明)
二、研究計畫書
三、自傳
四、其他有助於審查之相關文件或專題報告等(專
題作品為多人合作者,須詳細註明合作者姓名
及自己所負責部分,並請指導老師或系所主管
簽名,若有不實者,不予錄取)

五、個人審查資料(請至電機系所網頁招生公告-
碩士班甄試系統下載)

六、推薦函二封(於報名系統操作)",,,甄戰_115推甄簡章-國立成功大學.pdf,"一、審查通過者,再通知面試。
二、審查成績優異者得免面試優先錄取
(以各組招生名額 2/3 為限)。
三、研究方向:
甲組:通訊、網路、訊號處理、影像處
理、資訊安全、通訊網路安全。訊號壓
縮、訊號辨識、人工智慧(影視分析與
辨識) 、最佳化理論與應用、深度學習
理論與應用。
乙組:微波毫米波電路設計與量測、電
磁分析與應用、高速數位訊號傳輸。",,,,,,,,,,,,,,,,
國立成功大學,電機資訊學院,奈米積體電路工程碩士學位學程,,2025/10/2,12,"1.審查100%
",,"一、大專歷年成績單(含名次證明)
二、研究計畫書
三、自傳
四、其他有助於審查之相關資料或專題報告等(專
題作品為多人合作者,須詳細註明合作者姓名
及自己所負責部分,並請指導老師或系所主管
簽名,若有不實者,不予錄取)
五、個人審查資料(請至電機系網頁招生公告-碩士
班甄試系統下載)
六、推薦函二封(於報名系統操作)",,,甄戰_115推甄簡章-國立成功大學.pdf,"研究方向:
奈米半導體材料、元件、積體電路與製程。",,,,,,,,,,,,,,,,
國立成功大學,電機資訊學院,資訊工程學系,甲組,2025/10/2,86,"1.審查50%
2.面試50%",,"一、在校成績(含名次證明)
二、資訊能力(國內外比賽獲獎、程式設計能力
證明)
三、專題與研究能力(曾參與之專題研究、計畫、
簡要研究計畫書或專題報告、著作)
四、外語與其他能力(英文能力檢定證明、獲獎、
社團活動、獎勵)
五、讀書計畫(個人簡歷、讀書計畫、其他有助於
甄審之相關資料)
六、考生個人審查資料(須至本系考生資料表系
統登打,詳細請見當年度系網頁公告,未完
成登錄或登錄不全致影響審查分數,請自行
負責)
七、推薦函二封(於報名系統操作)",,,甄戰_115推甄簡章-國立成功大學.pdf,"一、審查通過者,再通知面試。
二、審查成績優異者得免面試優先錄取
(以各組招生名額 2/3 為限)。
三、錄取後考生未修畢「計算機組織」、「資
料結構」、「離散數學」者,須補修及
格後方能畢業,補修僅限本校電資學
院與工科系開授之課程。",,,,,,,,,,,,,,,,
國立成功大學,電機資訊學院,資訊工程學系,乙組,2025/10/2,5,"1.審查50%
2.面試50%",,"一、 資訊能力(此項目成績佔總審查成績之 70%)
(1)參加全國性資訊軟硬體相關競賽獲獎
證明文件
(2)任何足以證明程式設計能力、系統實作
與開發能力的作品或文件(如大學程式
能力檢定 Collegiate Programming
Examination (CPE)、APCS 或其他跨校
程式檢定與競賽等)
(3)系統與網路管理相關證照及實務經驗
之證明文件
二、在校成績(含名次證明)
三、專題與研究能力(曾參與之專題研究、計畫、
簡要研究計畫書或專題報告、著作)
四、外語與其他能力(英文能力檢定證明、獲獎、
社團活動、獎勵)
五、讀書計畫(個人簡歷、讀書計畫、其他有助於
甄審之相關資料)
六、考生個人審查資料(須至本系考生資料表系
統登打,詳細請見當年度系網頁公告,未完
成登錄或登錄不全致影響審查分數,請自行
負責)
七、推薦函二封(於報名系統操作)",,,甄戰_115推甄簡章-國立成功大學.pdf,"一、審查通過者,再通知面試。
二、審查成績優異者得免面試優先錄取
(以各組招生名額 2/3 為限)。
三、錄取後考生未修畢「計算機組織」、「資
料結構」、「離散數學」者,須補修及
格後方能畢業,補修僅限本校電資學
院與工科系開授之課程。",,,,,,,,,,,,,,,,
國立成功大學,電機資訊學院,醫學資訊研究所,,2025/10/2,11,"1.審查50%
2.面試50%",,"一、在校成績(含名次證明)
二、資訊能力(國內外比賽獲獎、程式設計能力證明)
三、專題與研究能力(曾參與之專題研究、計畫、簡
要研究計畫書或專題報告、著作)
四、外語與其他能力(英文能力檢定證明、獲獎、社
團活動、獎勵)
五、讀書計畫(個人簡歷、讀書計畫、其他有助於甄
審之相關資料)
六、考生個人審查資料(須至本所考生資料表系統
登打,詳細請見當年度所網頁公告,未完成登
錄或登錄不全致影響審查分數,請自行負責)
七、推薦函二封(於報名系統操作)",,,甄戰_115推甄簡章-國立成功大學.pdf,"一、審查通過者,再通知面試。
二、審查成績優異者得免面試優先錄取
(以招生名額 2/3 為限)。
三、考生錄取後,未修畢基礎課程資訊,
請見本所網址:

https://www.imi.ncku.edu.tw/zh-
hant/education/studyRegulations",,,,,,,,,,,,,,,,
國立成功大學,電機資訊學院,製造資訊與系統研究所,,2025/10/2,21,"1.審查40%
2.面試60%",,"一、在校成績(含名次證明)
二、自傳
三、研究計畫書
四、其他有助於審查之相關資料
五、推薦函二封(於報名系統操作)",,,甄戰_115推甄簡章-國立成功大學.pdf,"一、考生僅限報考一組。
二、審查成績通過者,再通知面試。
三、研究方向
甲組(智慧資機整合):雲端製造資訊系
統、機械智能化、5G 技術應用、
工業物聯網、智慧工廠。
乙組(製造系統與管理):智慧製造、數
位精實系統、精實生產/豐田模
式、製造管理、供應鏈管理。
丙組(資訊應用):智慧機械、智能商務、
智慧製造執行系統、資料庫系統、
行動資料管理、智能醫療、智慧
防災、智慧網路。
四、本所採線上報到。",,,,,,,,,,,,,,,,
國立成功大學,電機資訊學院,人工智慧科技碩士學位學程,,2025/10/2,9,"1.審查50%
2.面試50%",,"一、在校成績(含名次證明)
二、資訊能力(人工智慧軟硬體專長、國內外比賽
獲獎、程式設計能力證明)
三、專題與研究能力(曾參與之專題研究、計畫、簡
要研究計畫書或專題報告、著作)
四、外語與其他能力(英文能力檢定證明、獲獎、社
團活動、獎勵)
五、讀書計畫(個人簡歷、讀書計畫、其他有助於甄
審之相關資料)
六、考生個人審查資料(須至本學程考生資料表系
統登打,詳細請見當年度學程網頁公告,未完
成登錄或登錄不全,導致影響審查分數,請自
行負責)
七、推薦函二封(於報名系統操作)",,,甄戰_115推甄簡章-國立成功大學.pdf,"一、審查成績通過者,再通知面試。
二、審查成績優異者得免面試優先錄取
(以招生名額 2/3 為限)。
三、錄取後考生未修畢「計算機組織」、
「資料結構」、「線性代數」者,須補
修及格後方能畢業,補修僅限本校電
資學院與工科系開授之課程。",,,,,,,,,,,,,,,,
國立成功大學,電機資訊學院,智慧資訊安全碩士學位學程,,2025/10/2,9,"1.審查50%
2.面試50%",,"一、大專歷年成績單(含名次證明)
二、研究計畫書
三、自傳
四、其他有助於審查之證明文件(如專題報告、資
安相關證照、參與活動證明等;專題作品為多
人合作者,須詳細註明合作者姓名及自己所負
責部分,並請指導老師或系所主管簽名,若有
不實者,不予錄取)
五、個人審查資料(請至電機系所網頁招生公告-
碩士班甄試系統下載)
六、推薦函二封(於報名系統操作)",,,甄戰_115推甄簡章-國立成功大學.pdf,"一、審查成績通過者,再通知面試。
二、審查成績優異者得免面試優先錄取
(以招生名額 2/3 為限)。
三、研究方向:
網路安全、資訊安全、資安技術、資
安實務、隱私技術、網宇安全、關鍵
基礎設施資安議題、密碼學、量子安
全、人工智慧於資安實務應用、人工
智慧資安防護。",,,,,,,,,,,,,,,,
國立成功大學,規劃與設計學院,建築學系,,2025/10/2,43,"1.審查50%
2.面試50%","庚組限國內及境外大學 4、5 年制建築系畢業生(含應屆):
4 年制者須同時具有建築相關工作經驗 1 年以上,請附工作單位證明文件;
5 年制者由校方出具 5 年制證明書,格式請由建築系網頁下載。","一、審查申請表(格式至系網頁下載)
二、大專歷年成績單
三、建築設計作品集或工作經歷或論文(須註明係
獨立完成或多人參與完成,多人參與完成者需
表明所參與之部分)
四、其他有助於審查之相關資料
五、推薦函二封(於報名系統操作)",,,甄戰_115推甄簡章-國立成功大學.pdf,"一、考生僅限報考一組。
二、審查成績通過者,進入面試名單將公
佈於本系網頁。
三、審查成績優異者得免面試優先錄取
(以各組招生名額 2/3 為限)。
四、畢業學程規劃:庚組為三學期制,甲
組、乙組、丙組、丁組、戊組、己組
為二學年制。
五、研究方向
甲組:設計理論與數位製造
乙組:環境規劃
丙組:建築歷史與文化資產保存
丁組:建築結構
戊組:建築工程與管理
己組:建築環境控制
庚組:建築設計",,,,,,,,,,,,,,,,
國立成功大學,規劃與設計學院,都市計劃學系,,2025/10/2,30,"1.審查40%
2.面試60%","一、大 學 在校學業成績系班組排名名次列於前
75%(含)者(境外大學名次排名免繳)。
二、不受理同等學力。","一、大學歷年成績單(含班組排名) ,成績單若無
排名請另附名次證明文件
二、自傳
三、研究計畫書
四、(甲組)論文、規劃報告
(乙組)設計作品
五、其他有助於審查之相關資料
六、推薦函二封(於報名系統操作)",乙組另含設計能力測驗,,甄戰_115推甄簡章-國立成功大學.pdf,"一、審查成績通過者,再通知面試,參加
面試名額以不超過招生名額二倍為原
則。
二、審查成績優異者得免面試優先錄取。
三、審查資料請於報名時上傳,逾期不受
理。
四、乙組面試測驗項目與應試物品依本系
面試通知單辦理。
五、研究方向
甲組:規劃組
乙組:設計組
六、申請碩士學位論文考試前須通過英
(外)文檢定,相關規定請參見本系修",,,,,,,,,,,,,,,,
國立成功大學,規劃與設計學院,工業設計學系,,2025/10/2,20,"1.審查50%
2.面試50%","甲組(設計組):設計相關科系者限報考甲組。
乙組(跨域組):非設計相關科系者限報考乙組。
※報考組別說明,請參見系網站。","一、大學或同等學力歷年成績單(含名次證明)
二、設計相關作品集或相關專業資料
三、研究計畫書(至多 4 頁)
四、自傳(至多 2 頁)
五、其他有助於審查之相關資料(如論文、著作、
競賽得獎、外語檢定能力證明)
六、推薦函二封(於報名系統操作)",,,甄戰_115推甄簡章-國立成功大學.pdf,"一、考生僅限報考一組。
二、審查成績通過者,再通知面試。
三、審查作品為多人合作者,請填寫創作說
明書,務必詳實紀錄合作者姓名及自己
所負責部分,並請指導老師或系主任簽
名,若有不實者將喪失錄取資格。創作
說明書格式請至本系系網站下載。
四、研究方向
A:整合與策略設計
B:人因與互動設計
C:設計自動化與協 同設計
D:認知與感性經驗設計
五、學士學位非設計相關系所畢業者,須補
修大學部課程 12 學分。
六、學士學位為設計相關,但非工業設計相
關系所畢業者,須補修大學部課程 6 學
分。
七、學歷背景及補修學分由「學生教務發展
委員會」認定。
八、錄取生應於報到後兩星期內,應選擇 A、
B、C、D 四組其中一組並選定指導教授。
九、各組第一名提供一學年獎助學金每月壹
萬元。
十、碩士生可申請日本千葉大學、九州大學
雙聯學位,申請辦法參見本系網站。",,,,,,,,,,,,,,,,
國立成功大學,規劃與設計學院,創意產業設計研究所,,2025/10/2,8,"1.審查40%
2.面試60%",,"一、大學或同等學力歷年成績單(含名次)
二、自傳
三、履歷表
四、研究計畫書
五、其他有助於審查之相關資料(如推薦函、各項
英語文能力檢定證明、作品集或在專業領域
具有卓越表現之證明)",全英語面試,,甄戰_115推甄簡章-國立成功大學.pdf,"一、考生僅限報考一組。
二、審查資料請以英文撰寫為原則。
三、審查成績通過者,再通知面試。
四、採全英語授課。
五、授課安排時間為平日日間。
六、研究生畢業學位考試前須通過英文檢
定,相關標準請參見本所修業辦法。
七、研究方向:
甲組:品牌與行銷企劃
乙組:媒體與互動設計
丙組:產業與服務創新
八、推薦函二封(選繳,於報名系統操作)",,,,,,,,,,,,,,,,
國立成功大學,規劃與設計學院,科技藝術碩士學位學程,,2025/10/2,5,"1.審查50%
2.面試50%",,"一、個人履歷。
二、大學或同等學歷歷年成績單(含名次)。
三、碩士學位創作實踐計劃書(以 A4 直式規格,
字體 12pt,內容須包含自傳、目標、計劃內
容、執行方法與步驟)。
四、作品資料(格式不拘,共同創作須註明在作品
中之貢獻)。
五、其他有助於說明個人能力之資料(如專利、得
獎證明、外語能力證明、展演證明、工作經歷...
等)
六、推薦函二封(於報名系統操作)",,,甄戰_115推甄簡章-國立成功大學.pdf,"一、審查成績通過者,進入面試名單將公
佈於本學程網頁。
二、審查成績優異者得免面試優先錄取
(以招生名額 2/3 為限)。
三、本學位學程報考資格不限背景,歡迎
空間及設計類科系(如建築、工業設
計、產品設計、服裝設計、新媒體藝
術、數位媒體設計、互動設計、視覺
傳達) 及工程類科系(如資訊工程、電
機、機械、材料等)背景的學生,對跨
領域科技藝術與設計整合研習創作有
興趣且具創新思維與執行力者報考。
四、本學位學程以數位製造、混合實境、
互動藝術、資訊視覺等新科技媒材創
作為主要探索的領域,並著重設計思
考能力以及整合性思維的養成。最新
訊息請參考本學程官網公告。",,,,,,,,,,,,,,,,
國立成功大學,管理學院,高階管理碩士在職專班(EMBA),,2025/10/2,101,"1.審查40%
2.面試60%","一、甲組:
大學畢業(含應屆)或以同等學力取得報考資格者,須具有 12 年以上工作經驗;
碩士班畢業者須具有 9 年以上工作經驗;博士班畢業者須具有 5 年以上工作經驗。
二、不符合上述第一項之條件,但符合入學大學同等學力認定標準第 7 條之「就專業領域具卓
越成就表現者」,並具備有擔任經營管理職務 12 年(含)以上之工作經驗者,得報考甲組。
三、乙組:
大學畢業(含應屆)或以同等學力取得報考資格者,須具有 7 年以上工作經驗;
碩士班畢業者須具有 5 年以上工作經驗;博士班畢業者須具有 2 年以上工作經驗。
四、丙組:
大學畢業(含應屆)或以同等學力取得報考資格者,須具有 6 年以上工作經驗(至少含 3 年
醫務相關工作經驗);碩士班畢業者須具有 4 年以上工作經驗(至少含 2 年醫務相關工作經
驗);博士班畢業者須具有 3 年以上工作經驗(至少含 1 年醫務相關工作經驗)。","一、個人資料、工作經歷、任職機構組織架構圖、
專業特殊表現、研究規劃等項目(格式請至本
專班網站下載)
二、其他個人能力及有利審查之資料
三、以報考資格附加規定第二項報考者,另需填寫
「以入學大學同等學力認定標準第 7 條報考
資格審查申請表暨具結書」(簡章附件七)及
檢附相關證明文件,並於 114 年 9 月 15 日前
(郵戳為憑)掛號郵寄至 EMBA 辦公室,經
本校招生委員會審查通過後方得以同等學力
報考。若通過報考資格(學校通知),請於報名
截止日前至網路報名系統報名。",,,甄戰_115推甄簡章-國立成功大學.pdf,"一、審查成績通過者,再通知面試。
二、以報考資格附加規定第二項報考者,
至多錄取 5 名(包含於甲組招生名額
64 名內)
三、授課時間:以夜間及假日為原則。
四、本專班自 113 學年度起學分費調整為
每學分壹萬壹仟元整,學雜費基數每
學期壹萬貳仟元,在學期間均按學校
標準收費。
五、備取生遞補作業期限至本校 115 學年
度第 1 學期開學日止。
六、研究方向
甲組:高階管理決策組
乙組:一般經營管理組
丙組:醫務管理組",,,,,,,,,,,,,,,,
國立成功大學,管理學院,會計學系,,2025/10/2,20,"1.審查30%
2.面試70%",,"一、大學歷年成績單
二、考生個人資料表(含履歷及自傳、外語能力檢
定、其他有助審查之相關資料。格式請至本系
所網頁下載)",,,甄戰_115推甄簡章-國立成功大學.pdf,"一、審查成績通過者再通知面試。面試名
額至多為扣除免面試剩餘名額之 3
倍。
二、審查成績優異者得免面試優先錄取
(以招生名額 1/2 為限)。
三、非會計系畢業之錄取生,未修習相關
基礎課程者,請參閱本系網頁之修業
規定,補修及格後方能畢業。
四、碩士畢業學位考前須通過英文檢定,
英檢標準請參見本系網頁。
五、甄試入學者擇優提供一學年獎學金,
每月至多壹萬元。",,,,,,,,,,,,,,,,
國立成功大學,管理學院,財務金融研究所,,2025/10/2,13,"1.審查30%
2.面試70%","一、大學在校學業成績系班組排名名次列於前
35%(含)者。(境外大學名次排名免繳)。
二、不受理同等學力。","一、大學歷年成績單
二、考生個人資料表(含履歷及自傳、外語能力檢
定、其他有助審查之相關資料。格式請至本
系所網頁下載)",,,甄戰_115推甄簡章-國立成功大學.pdf,"一、審查成績通過者再通知面試。面試名
額至多為扣除免面試剩餘名額之 3
倍。
二、審查成績優異者得免面試優先錄取
(以招生名額 1/2 為限)。
三、錄取報到生未取得大學部中級會計 6
學分者,或已取得而分數未達 70 分
者,須補修及格後方能畢業。
四、碩士畢業學位考前須通過英文檢定,
英檢標準請參見本所網頁。
五、擇優提供一學年獎學金,每月至多
壹萬元。",,,,,,,,,,,,,,,,
國立成功大學,管理學院,統計與資料科學學系,,2025/10/2,12,"1.審查50%
2.面試50%","一、大學在校學業成績系班組排名名次列於前
35%(含)者。
二、不受理境外大學畢業生。
三、不受理同等學力。","一、大學歷年成績單
二、自傳(個人簡介、報考動機、對機率統計之認
識、曾參與之研究及獎勵、社團活動等)
三、研究計畫書
四、其他有助於審查之相關資料:如個案報告、研
究成果(以上二者合計至多提供 3 件)、GRE、
GMAT、英文能力測驗、高普考及格成績等
五、推薦函二封(於報名系統操作)",,,甄戰_115推甄簡章-國立成功大學.pdf,"一、審查成績通過者,再通知面試。
二、審查成績優異者得免面試優先錄取
(以招生名額 2/3 為限)。
三、畢業前須通過英文檢定,英檢標準請
參見本系網頁。",,,,,,,,,,,,,,,,
國立成功大學,管理學院,工業與資訊管理學系,,2025/10/2,24,"1.審查60%
2.面試40%",不受理同等學力。,"一、考生個人資料表(格式請至本系所網頁下載)
二、大學歷年成績單
三、研究計畫書
四、自傳(對工業與資訊管理之認識、曾參與之研
究及獎勵、生活記要、社團活動等)
五、其他有助於審查之相關資料(如英文檢定證明
文件)",,,甄戰_115推甄簡章-國立成功大學.pdf,"一、審查成績通過者,再通知面試,面試
時須繳交大學歷年成績單正本。
二、審查成績優異者得免面試優先錄取
(以招生名額 2/3 為限)。
三、碩士畢業學位考前須通過英文檢定,
英檢標準請參見本系網頁。
四、非本科系之錄取生,未修相關基礎課
程者,請參閱本系網頁之修業規定,
補修完成後方能畢業。
五、推薦函至多二封(非必繳,於報名系統
操作)。",,,,,,,,,,,,,,,,
國立成功大學,管理學院,資訊管理研究所,,2025/10/2,16,"1.審查60%
2.面試40%",不受理同等學力。,"一、考生個人資料表(格式請至本系所網頁下載)
二、大學歷年成績單
三、研究計畫書
四、自傳(對資訊管理之認識、曾參與之研究及獎
勵、生活記要、社團活動等)
五、其他有助於審查之相關資料(如英文檢定證明
文件)",,,甄戰_115推甄簡章-國立成功大學.pdf,"一、審查成績通過者,再通知面試,面試
時須繳交大學歷年成績單正本。
二、審查成績優異者得免面試優先錄取
(以招生名額 2/3 為限)。
三、碩士畢業學位考前須通過英文檢定,
英檢標準請參見本所網頁。
四、非本科系之錄取生,未修相關基礎課
程者,請參閱本所網頁之修業規定,
補修完成後方能畢業。
五、推薦函至多二封(非必繳,於報名系統
操作)。",,,,,,,,,,,,,,,,
國立成功大學,管理學院,企業管理學系,,2025/10/2,20,"1.審查40%
2.面試60%","一、大 學 在校學業成績系班組排名名次列於前
30%(含)者。
二、不受理境外大學畢業生。
三、不受理同等學力。","一、考生個人資料表(格式請至本系所網頁下載)
二、大學歷年成績單(含名次排名)
三、詳細履歷表(需附照片及自傳、對企業管理之
認識、曾參與之研究計畫、獲獎記錄、生活記
要、社團活動、個人傑出事項等)
四、研究計畫書
五、可檢附各種語言檢定成績或其他有助於審查之
榮譽事蹟等相關證明文件
六、推薦函二封(於報名系統操作)",,,甄戰_115推甄簡章-國立成功大學.pdf,"一、審查成績通過者,再通知面試。
二、畢業前須通過英文檢定,英檢標準請
參見本系網頁。",,,,,,,,,,,,,,,,
國立成功大學,管理學院,國際企業研究所,,2025/10/2,10,"1.審查40%
2.面試60%",不受理同等學力。,"一、大學歷年成績單(含名次排名)
二、學習計畫(詳述個人選擇至本所碩士班進修之
動機、未來志趣及自我能力評估等)
三、自傳(個人簡介、對國際企業管理之認識、曾
參與之研究及獎勵、生活記要、社團活動、特
殊才能等)
四、檢附各種語言檢定成績。",,,甄戰_115推甄簡章-國立成功大學.pdf,"一、審查成績通過者,再通知面試。
二、碩士畢業學位考前須通過英文檢定,
英檢標準請參見本所網頁。",,,,,,,,,,,,,,,,
國立成功大學,管理學院,交通管理科學系,,2025/10/2,20,"1.審查50%
2.面試50%","一、不受理境外大學畢業生。
二、不受理同等學力。","一、大學歷年成績單。
二、研究成果、專題研究報告、學士論文等。
三、自傳(個人簡歷、對交通管理之認識、曾參與之
研究計畫、獎勵、生活記要、社團活動等)。
四、其他有助於審查之相關資料(如語言能力檢定
證明等)。
五、推薦函二封(於報名系統操作)。",,,甄戰_115推甄簡章-國立成功大學.pdf,"一、審查成績通過者,再通知面試。面試
名額至多為扣除免面試剩餘名額之 3
倍。
二、審查成績優異者得免面試優先錄取
(以招生名額 2/3 為限)。
三、研究方向含旅客運輸、物流管理、運
輸科技及其他交通運輸相關課題。
四、碩士畢業學位考前須通過英文檢定,
丁組 英檢標準請參見本系網頁。",,,,,,,,,,,,,,,,
國立成功大學,管理學院,電信管理研究所,,2025/10/2,7,"1.審查50%
2.面試50%","一、不受理境外大學畢業生。
二、不受理同等學力。","一、大學歷年成績單。
二、研究成果、專題研究報告、學士論文等。
三、自傳(個人簡歷、對電信管理或電信科技之認
識、曾參與之研究計畫、獎勵、生活記要、社
團活動等)。
四、其他有助於審查之相關資料(如語言能力檢定
證明等)。
五、推薦函二封(於報名系統操作)。",,,甄戰_115推甄簡章-國立成功大學.pdf,"一、審查成績通過者,再通知面試。面試
名額至多為招生名額 3 倍。
二、研究方向:電信產業與政策分析、電
信事業經營管理、電信科技之應用與
管理、電信與交通運輸之整合。
三、碩士畢業學位考前須通過英文檢定,
英檢標準請參見本所網頁。",,,,,,,,,,,,,,,,
國立成功大學,管理學院,體育健康與休閒研究所,,2025/10/2,9,"1.審查40%
2.面試60%","一、不受理境外大學畢業生。
二、不受理同等學力。","一、大學歷年成績單(含名次證明)
二、自傳(個人簡歷、曾參與之研究計畫、獎勵、生
活記要、社團活動、特殊才能等)
三、學習計畫(詳述個人選擇至本所碩士班進修之
動機、未來志趣及自我能力評估等)
四、其他有助於甄試之相關資料(如英文或其他語
文能力證明、特殊獎項、發表文獻、參加大專
運動會競賽表現、儲備國手證明等)
五、推薦函二封(於報名系統操作)",,,甄戰_115推甄簡章-國立成功大學.pdf,"一、考生僅限報考一組。
二、審查成績通過者,再通知面試。
三、考生錄取報到後,須依照原報考組別
修業。
四、研究方向:
甲組:健康管理組、運動科技產業組
乙組:休閒管理組
五、碩士畢業學位考前須通過英文檢定,英檢標準請參見本所網頁。",,,,,,,,,,,,,,,,
國立成功大學,管理學院,數據科學研究所,,2025/10/2,7,"1.審查40%
2.面試60%","一、大 學 在校學業成績系班組排名名次列於前
60%(含)者。
二、不受理境外大學畢業生。
三、不受理同等學力。","一、大學歷年成績單
二、自傳(個人簡介、報考動機、對數據科學之認識、
曾參與之研究及獎勵、社團活動等)
三、研究計畫書
四、其他有助於審查之相關資料,如個案報告、研
究成果(以上二者合計至多提供 3 件)、GRE、
GMAT、英文能力測驗等
五、推薦函二封(於報名系統操作)",,,甄戰_115推甄簡章-國立成功大學.pdf,"一、審查成績通過者,再通知面試。
二、審查成績優異者得免面試優先錄取
(以招生名額 2/3 為限)。
三、畢業前須通過英文檢定,英檢標準請
參見本所網頁。",,,,,,,,,,,,,,,,
國立成功大學,醫學院,生物化學暨分子生物學研究所,,2025/10/2,18,"1.審查40%
2.面試60%","一、國內大學畢業生(含應屆)具下列條件之一者:
1.在校學業成績系班組排名名次列於前 50%(含)者。
2.參加國科會暑期研究計畫或曾實際參與相關領域研究工作 2 個月以上,且經本所所長審核
認可者。
報名時務必上傳參與研究工作證明書 (格式請見生化所網站)及專題研究報告。
二、不受理同等學力。","一、自傳(封面附相片)
二、大學歷年成績單
三、其他有助於審查之相關資料
四、推薦函二封(於報名系統操作)",含生化暨分生學術論文之閱讀能力,,甄戰_115推甄簡章-國立成功大學.pdf,"審查成績通過者,進入面試名單、時間表
將公佈於本所網頁。",,,,,,,,,,,,,,,,
國立成功大學,醫學院,生理學研究所,,2025/10/2,14,"1.審查40%
2.面試60%",不受理同等學力。,"一、大學歷年成績單
二、自傳
三、其他相關之著作或文件
四、推薦函二封(於報名系統操作)",,,甄戰_115推甄簡章-國立成功大學.pdf,"一、審查成績通過後,再通知面試。
二、審查成績優異者得免面試優先錄取
(以招生名額 1/2 為限)。",,,,,,,,,,,,,,,,
國立成功大學,醫學院,藥理學研究所,,2025/10/2,14,"1.審查40%
2.面試60%",不受理同等學力。,"一、大學歷年成績單
二、自傳
三、其他有助於審查之著作或文件
四、推薦函二封(於報名系統操作)",,,甄戰_115推甄簡章-國立成功大學.pdf,"一、審查成績通過後,再通知面試。",,,,,,,,,,,,,,,,
國立成功大學,醫學院,微生物及免疫學研究所,,2025/10/2,15,"1.審查40%
2.面試60%","一、大學在校學業成績系班組排名名次列於前 50%(含)者。(境外大學名次排名免繳)。
二、不受理同等學力。","一、大學歷年成績單
二、自傳
三、考生基本資料表(格式請至本所網頁下載)
四、其他相關有助於審查之著作或文件
五、推薦函二封(於報名系統操作)",,,甄戰_115推甄簡章-國立成功大學.pdf,"一、審查成績通過者,再通知面試。
二、審查成績優異者得免面試優先錄取,
名額為 6 名。
三、研究方向
甲組:微生物學及免疫學
乙組:寄生蟲學",,,,,,,,,,,,,,,,
國立成功大學,醫學院,臨床藥學與藥物科技研究所,,2025/10/2,9,"1.審查50%
2.面試50%","一、甲組:限國內大學藥學系畢業生(含應屆),在校學業成績系班組排名名次列於前 50%(含)者或
在校學業平均成績達 80 分(含)以上者,不受理境外大學畢業生。
二、乙、丙組:國內大學藥學及醫、理、農、工、生命科學相關學系畢業(含應屆),在校學業成績
系班組排名名次列於前 50%(含)者或在校學業平均成績達 80 分(含)以上者。(境外大學名次
排名免繳)。
三、不受理同等學力。","一、大學歷年成績單
二、自傳
三、其他相關之著作或文件
四、推薦函二封(於報名系統操作)",,,甄戰_115推甄簡章-國立成功大學.pdf,"一、審查成績通過者,進入面試名單將公
佈於本所網站。
二、審查成績優異者得免面試優先錄取
(以招生名額 2/3 為限)。
三、報考前請詳閱本所各組修業須知,畢
業前須完成相關規定。
四、研究方向
甲組:臨床藥學
乙組:生物藥劑及基因體
丙組:藥物化學",,,,,,,,,,,,,,,,
國立成功大學,醫學院,環境醫學研究所,,2025/10/2,12,"1.審查50%
2.面試50%",不受理同等學力。,"一、大學歷年成績單
二、自傳(1500 字以內)
三、其他有助於審查之相關資料(如英文能力檢定成績、特殊獎項、學術榮譽、論文發表、國家考試證書、專業證照...等)
四、推薦函二封(於報名系統操作)",,,甄戰_115推甄簡章-國立成功大學.pdf,"一、考生僅限報考一組,錄取報到後需依照

原報考組別修業
二、審查成績通過者,再通知面試。
三、研究方向
甲組:職業與環境衛生
乙組:環境毒物學、化學分析量測技術
丙組:流行病學、生物統計、職業醫學
四、訂有英語能力畢業門檻,請參閱本所網
頁「碩士班修業暨學位考試規定」。",,,,,,,,,,,,,,,,
國立成功大學,醫學院,行為醫學研究所,,2025/10/2,4,"1.審查40%
2.面試60%","一、在校學業成績優良者。
二、不受理同等學力。
三、報考乙組若為在職生限從事相關工作經驗 1 年以上(請附 1 年以上工作證明,計算至 114 年
8 月 31 日止),具有精神醫學經驗與背景者為佳。","一、大學歷年成績單(含系排名)
二、書審資料,以 15 頁為限,內容陳述須包含:
(1)相關專業知能
(2)過去學業成績之成就表現
(3)具體專業知能之應用與專業研究之基礎能力
(4)思考能力、見解及研究潛能
(5)進修動機、心志生涯規劃與未來發展潛力
(6)對社會、公眾事物及人的關懷度與服務熱忱
(7)性格成熟度(情緒穩定度、挫折忍受力與問題解決能力等事證)
(8)有工作經驗者須附工作經歷證明文件
三、推薦函二封(於報名系統操作)",,,甄戰_115推甄簡章-國立成功大學.pdf,"一、審查成績通過者,再通知面試。
二、研究方向:
甲組:臨床心理學(須全時間一年實習)
乙組:精神醫學
三、乙組若為在職生錄取報到時,須繳交服
務機關之在職進修同意書(格式不拘)。
四、甲組考生錄取後,未修畢專業心理學
24 學分、統計學相關 3 學分,須補修
完成方能申請學位考試。
五、不招收行為神經科學組。",,,,,,,,,,,,,,,,
國立成功大學,醫學院,分子醫學研究所,,2025/10/2,10,"1.審查50%
2.面試50%","一、大學在校學業成績系班組排名名次列於前
50%(含)者(境外大學名次排名免繳)。
二、不受理同等學力。","一、大學歷年成績單
二、過去研究經驗(請附資料)
三、自傳
四、其他有助於審查之相關資料(如英文檢定證書)
五、推薦函二封(於報名系統操作)",,,甄戰_115推甄簡章-國立成功大學.pdf,"一、審查成績通過者,再通知面試。
二、第一、二名提供獎學金。",,,,,,,,,,,,,,,,
國立成功大學,醫學院,護理學系,,2025/10/2,11,"1.審查50%
2.面試50%","一、甲乙丙丁組:大學護理系畢業生(含應屆)。
二、戊組:醫護相關科系畢業,對行政、管理、品質、
資訊等相關業務有興趣之基層或進階護理師。
三、同等學力報考者需具備國內護理師執照及取得該
執照後之護理相關工作經驗三年(檢具證明)。","一、大學歷年成績單(含名次證明)
二、臨床資歷(檢具證明及護理師證書,應屆畢業甄試生免繳交)
三、自傳(含進修計畫書)
四、其他有助於審查之相關資料(如臨床進階證明、英文能力證明、特殊獎項、論文或相關著作發表)。
五、推薦函二封(於報名系統操作)",,,甄戰_115推甄簡章-國立成功大學.pdf,"一、研究方向
甲組:成人護理
乙組:身心健康照護
丙組:產兒科護理
丁組:社區護理
戊組:護理行政
二、審查成績通過者,再通知面試。
三、審查成績標準請至本系網頁下載參
閱。
四、目前在職【不限護理實務領域(如醫院、
衛生所、學校、工廠、長照機構)等】
或非在職者皆可報考。
五、大學應屆畢業生未具臨床護理工作經
驗者,錄取後需與指導教授討論於畢
業前取得一年之臨床護理工作資歷。",,,,,,,,,,,,,,,,
國立成功大學,醫學院,醫學檢驗生物技術學系,,2025/10/2,14,"1.審查40%
2.面試60%","一、在職考生須具備醫檢 2 年以上工作經驗(檢具證
明)。
二、不受理同等學力","一、大學歷年成績單
二、簡歷及自傳
三、其他有助於審查之相關資料(如英文能力檢定
資料、特殊獎項、發表文獻、研究報告等)
四、推薦函二封(於報名系統操作)",,,甄戰_115推甄簡章-國立成功大學.pdf,"一、審查成績通過者,再通知面試。
二、審查成績優異者得免面試優先錄取
(以招生名額 1/2 為限)。",,,,,,,,,,,,,,,,
國立成功大學,醫學院,物理治療學系,,2025/10/2,8,"1.審查40%
2.面試60%","一、甲組:限物理治療學系畢業生(含應屆),或具物
理治療專業背景之同等學力者。
二、乙組:限國內、境外大學畢業生(含應屆)或具
同等學力者。","一、大專歷年成績單(含排名)
二、進修計畫書與自傳
三、其他有助於審查之資料(如過去研究經驗、臨床
實務經驗、大學專題討論、社團活動等)
四、推薦函二封(於報名系統操作)",,,甄戰_115推甄簡章-國立成功大學.pdf,"一、審查成績通過者,再通知面試。
二、審查成績優異者得免面試優先錄取
(以臨床組招生名額 2/3 為限)。
三、研究方向:
甲組:臨床組(以物理治療專業知識與技
能精進為主)
進階骨科物理治療、進階神經物理治療、
進階小兒物理治療、進階心肺物理治療
乙組:研究組(以物理治療臨床與基礎研
究為主)
骨科物理治療、運動醫學,神經物理治
療、動作科學,小兒物理治療、動作發展,
心肺物理治療、運動與健康科學",,,,,,,,,,,,,,,,
國立成功大學,醫學院,職能治療學系,,2025/10/2,5,"1.審查50%
2.面試50%",不受理同等學力,"一、大學歷年成績單(含名次證明)
二、自傳(含個人簡歷)
三、進修計畫書
四、其他有助於審查之相關資料(如:過去研究經驗、特殊獎項、發表文獻、專題報告、英檢成績等)
五、推薦函二封(於報名系統操作)",,,甄戰_115推甄簡章-國立成功大學.pdf,"一、審查成績通過者,再通知面試。
二、審查成績優異者得免面試優先錄取
(以招生名額 1/3 為限)。",,,,,,,,,,,,,,,,
國立成功大學,醫學院,細胞生物與解剖學研究所,,2025/10/2,6,"1.審查40%
2.面試60%",不受理同等學力,"一、大學歷年成績單(含名次證明,境外大學免繳)
二、自傳(含個人簡歷及研究經歷等)
三、其他有助於審查之相關資料(如特殊獎項、發表文獻、專題或研究報告等)
四、推薦函二封(於報名系統操作)",,,甄戰_115推甄簡章-國立成功大學.pdf,"一、審查成績通過者,再通知面試。
二、審查成績優異者得免面試優先錄取
(以招生名額 1/2 為限)。",,,,,,,,,,,,,,,,
國立成功大學,醫學院,公共衛生學系,,2025/10/2,8,"1.審查40%
2.面試60%","一、不受理境外大學畢業生。
二、不受理同等學力。","一、大學歷年成績單(含排名)
二、履歷(含個人學經歷、自傳、曾參與之專題研究、著作等)
三、研究計畫書
四、其他有助於審查之相關資料(如英文檢定、公衛能力測驗、研究奬勵、國家證照)
五、推薦函二封(於報名系統操作)",,,甄戰_115推甄簡章-國立成功大學.pdf,"一、審查成績通過者,再通知面試。
二、本系訂有英文檢定畢業門檻,請參閱
本系網頁。",,,,,,,,,,,,,,,,
國立成功大學,醫學院,口腔醫學研究所,,2025/10/2,6,"1.審查40%
2.面試60%","乙組:國內大學須牙醫學系畢業生(含應屆);境外大
學須牙醫學系畢業生且具有中華民國牙醫師醫師執
照。","一、大專歷年成績單
二、自傳(含個人學簡歷)
三、進修計畫書
四、其他有助於審查之相關資料(如特殊獎項、發表文獻、研究報告等)
五、推薦函二封(於報名系統操作)",,,甄戰_115推甄簡章-國立成功大學.pdf,"一、審查成績通過者,再通知面試。
二、在職生錄取報到時須繳交服務機關之
在職進修同意書(格式不拘)。
三、研究方向
甲組:基礎口腔醫學
乙組:臨床口腔醫學
丙組:醫療器材
四、提供各組甄試成績第一名第一學期獎
學金。",,,,,,,,,,,,,,,,
國立成功大學,醫學院,臨床醫學研究所,,2025/10/2,10,"1.審查50%
2.面試50%",,"一、大專歷年成績單
二、自傳(含個人簡歷及研究經歷)
三、其他有助於審查之相關資料(如全民英檢或托福成績、國科會大學專題討論研究報告等)
四、推薦函二封(於報名系統操作)","面試原始成績未達 60 分者,不予錄取",,甄戰_115推甄簡章-國立成功大學.pdf,"一、審查成績通過者,再通知面試。
二、審查成績優異者得免面試優先錄取
(以招生名額 1/2 為限)。
三、複試名單公告後,請於 10 月 27 日
中午 12 時前完成面試簡報繳交。
四、研究方向
甲組:生命科學暨轉譯醫學
乙組:流行病學
五、甲組第一名提供獎學金(一學年)",,,,,,,,,,,,,,,,
國立成功大學,醫學院,老年學研究所,,2025/10/2,7,"1.審查50%
2.面試50%","甲組:除乙組列出之學門及科系外,其餘均報考甲組
乙組:醫藥衛生學門類【包含:醫學系、中醫學系、牙醫學系、護理、藥學、營養、公共衛生、
職能治療、物理治療、醫學技術及檢驗、醫務管理、口腔衛生、呼吸治療、長照及高齡照
護相關科系等】","一、大專歷年成績單
二、履歷(含個人學經歷、自傳、曾參與之專題研究、著作、社團活動、獎勵等)
三、研究計畫書
四、其他有助於甄試之相關資料(如托福或其他語文能力鑑定證明或個人作品)
五、有工作經驗者須附工作經歷證明文件
六、推薦函二封(於報名系統操作)",,,甄戰_115推甄簡章-國立成功大學.pdf,"一、考生僅限報考一組。
二、審查成績通過者,再通知面試(名額至
多為各組招生名額的 4 倍),本所亦可
決定不足額錄取。
三、考生錄取報到時,已在職者需繳交服
務機關之在職進修同意書(格式不拘)。
四、本所訂有英文檢定畢業門檻,請參閱
本所網頁「碩士修業暨學位考試辦
法」。

五、正取生報到就讀者,擇優提供獎學金。",,,,,,,,,,,,,,,,
國立成功大學,醫學院,食品安全衛生暨風險管理研究所,,2025/10/2,9,"1.審查40%
2.面試60%",不受理同等學力,"一、大學歷年成績單
二、自傳(1500 字以內)
三、其他有助於審查之相關資料(建議提供如英文能力檢定成績、特殊獎項、學術榮譽、發表文獻及相關產業經歷等)
四、推薦函二封(於報名系統操作)",,,甄戰_115推甄簡章-國立成功大學.pdf,"一、審查成績通過者,再通知面試。
二、在職生錄取報到時須繳交服務機關之
在職進修同意書(格形式不拘)。",,,,,,,,,,,,,,,,
國立成功大學,社會科學院,政治學系政治經濟學碩士班,,2025/10/2,8,"1.審查50%
2.面試50%",,"一、大專歷年成績單
二、自傳及研究計畫書
三、其他有助於審查之相關資料(如各式語文檢定成績、參與學術研究計畫、學術文章)
四、推薦函二封(於報名系統操作)",,,甄戰_115推甄簡章-國立成功大學.pdf,"審查成績通過者,再通知面試。",,,,,,,,,,,,,,,,
國立成功大學,社會科學院,教育研究所,,2025/10/2,13,"1.審查50%
2.面試50%",,"一、大專歷年成績單
二、自傳及讀書計畫
三、研究計畫書
四、其他有助於審查之證明文件或專題報告
五、推薦函二封(於報名系統操作)",,,甄戰_115推甄簡章-國立成功大學.pdf,"一、審查成績通過者,再通知面試。
二、審查成績優異者得免面試優先錄取
(以招生名額 1/2 為限)。
三、擇優提供助學金。",,,,,,,,,,,,,,,,
國立成功大學,社會科學院,經濟學系,,2025/10/2,5,"1.審查50%
2.面試50%","一、大學在校學業成績系班組排名名次列於前45%(含)者。
二、不受理境外大學畢業生。
三、不受理同等學力。","一、大學歷年成績單
二、自傳(個人簡歷、報考動機、對經濟學之認識、曾參與之研究計畫、獎勵、社團活動等)
三、研究計畫書
四、其他有助於審查之相關資料(如英語檢定之證明)
五、推薦函二封(於報名系統操作)",,,甄戰_115推甄簡章-國立成功大學.pdf,"一、審查成績通過者,再通知面試。
二、審查項目(含推薦函)皆為必備項目。",,,,,,,,,,,,,,,,
國立成功大學,社會科學院,心理學系,,2025/10/2,10,"1.審查40%
2.面試60%",,"一、心理學系碩士班甄試資料審核表。(格式請至本系網站招生專區下載)
二、大專以上歷年成績單(含名次證明)
三、其他有助於審查之相關資料(如英文能力檢定證明、參與學術發表活動或競賽證明等)
四、推薦函二封(於報名系統操作)","面試原始成績未達 70 分者,不予錄取",,甄戰_115推甄簡章-國立成功大學.pdf,"一、審查成績通過者,始得參與面試。
二、本所重視國際觀與跨領域學習,歡迎對心理學
有基本認識、具強烈興趣之其他專長者報考。
三、指導教授以本系專任教師為主,勿僅規劃合
聘教師或兼任教師為指導教授。
四、報考前,(1)建議聯繫論文研究領域相關之
本系專任教師,以增進彼此了解。先參考本
系教師資訊網頁,以瞭解教師研究領域。(2)
請詳閱本系修業規定,「研究生入學規則、
修業辦法」,如非心理相關科系畢業之學生,
須於畢業前完成指定課程之補修。
五、錄取後不得轉組,若改變研究興趣,亦須知
會報考過程中所希望接受指導之本系專任
教師,使得徵詢其他教師指導之可能。
六、本碩士班完成修業後,不具臨床心理師國考
應考資格。
七、研究方向
甲組:視覺科學、注意記憶與學習、老化神
經科學、情緒與睡眠、認知科技與產學、學
習記憶神經生物學、心理藥物學、運動健康、
正念、拖延心理學等。
乙組:組織與工商行為、文化與社會心理學、
發展心理學,神經與認知模擬、人工智慧
(AI)心理學、心理語言學、行為資料的測量
與分析、適性測驗、高齡心理與成人發展、
心理病理學等。",,,,,,,,,,,,,,,,
國立成功大學,敏求學院,智慧科技系統碩士學位學程,,2025/10/2,7,"1.審查50%
2.面試50%",,"一、在校歷年成績單(含名次證明)
二、自傳(必須包含跨專長領域事蹟或潛力佐證)
三、研究計劃書(含申請動機、相關背景或經驗、預計投入的跨領域研究、未來發展或就業規劃等)
四、專題報告、作品或其他有助於審查之證明文件(專題報告或作品若為多人合作者,請註明合作者姓名及自己所負責部分與百分比,若有不實者不予錄取)
五、語言能力證明
六、推薦函二封(於報名系統操作)",,,甄戰_115推甄簡章-國立成功大學.pdf,"一、審查成績通過者,再通知面試。
二、面試時間請以本院網頁公告為準。
三、審查成績優異者得免面試優先錄取(以
招生名額 1/2 為限) 。
四、就讀電資、科學、工程、數學及統計等
領域之相關科系或具備跨領域研究專
長。
五、需具備撰寫程式的基本能力(常用的程
式語言如 Python、C/C++/C#、Java、
R 或 Matlab 等,至少具備一項)
六、開發 AI 軟體技術應用於相關領域(人
工智慧與機器人技術、機器學習、深度
學習、資料探勘、人機互動、安全運算、
數據科學、認知與腦科學、法律科技、
智慧治理、智慧醫療、運算科學、運算
材料科學)",,,,,,,,,,,,,,,,
國立成功大學,敏求學院,智慧運算碩士學位學程,,2025/10/2,6,"1.審查50%
2.面試50%",,"一、在校歷年成績單(含名次證明)
二、自傳(必須包含跨專長領域事蹟或潛力佐證)
三、研究計畫書(含申請動機、相關背景或經驗、預計投入的跨領域研究、未來發展或就業規劃等)
四、專題報告、作品或其他有助於審查之證明文件(專題報告或作品若為多人合作者,請註明合作者姓名及自己所負責部分與百分比,若有不實者不予錄取)
五、推薦函二封(於報名系統操作)",,,甄戰_115推甄簡章-國立成功大學.pdf,"一、審查成績通過者,再通知面試。
二、面試時間請以本院網頁公告為準。
三、審查成績優異者得免面試優先錄取
(以招生名額 1/2 為限)。
四、就讀電資、科學、工程、數學及統計等
領域之相關科系或具備跨領域研究專
長。
五、需具備撰寫程式的基本能力(常用的程
式語言如 Python、C/C++/C#、Java、
R 或 Matlab 等,至少具備一項)。
六、研究領域:與人工智慧相關之計算機
架構、自然語言處理、法律科技與政
策、智慧治理、影像光譜技術、環境感
知、數據科學、腦科學與神經科學等,
以實現工程運算(電資通工程)、健康運
算(農林畜牧醫)、社會運算(文法商社
會)多元的跨域目標。",,,,,,,,,,,,,,,,
國立成功大學,教務處,全校永續跨域國際碩士學位學程,,2025/10/2,3,"1.審查50%
2.面試50%",,"一、大學歷年成績單(含名次證明)
二、履歷資料及自傳(一千字以內)
三、英文研究讀書計畫(含申請動機,預計跨領域面向及永續議題參與等)
四、語文能力證明(托福、多益、雅思、全民英檢、英國劍橋大學國際英文認證、培力英檢等英文
相關檢定考試)
五、其他有助於審查之相關資料(如社團活動、永續發展相關研究計畫參與成果(註明個人負責
部分並請指導老師簽名)、其他特殊成就或學術榮譽)
六、推薦函二封(於報名系統操作)",,,甄戰_115推甄簡章-國立成功大學.pdf,"一、審查成績通過者,進入面試名單、時間
將公佈於本學程網頁。
二、全部課程以英語授課。",,,,,,,,,,,,,,,,
國立成功大學,智慧半導體及永續製造學院,晶片設計碩士學位學程,,2025/10/2,18,"1.審查40%
2.面試60%",,"一、個人審查資料表(請至本學程網頁之招生公告查看說明)
二、大專歷年成績單
三、研究計畫書
四、自傳
五、其他有助於審查之證明文件或專題報告等(專題作品為多人合作者,須詳細註明合作者姓名
及自己所負責部分,並請指導老師或系所主管簽名,若有不實者,不予錄取)
六、推薦函二封(於報名系統操作)",,,甄戰_115推甄簡章-國立成功大學.pdf,"一、審查成績通過者,進入面試名單將公
告於本學程網頁,不另行通知。
二、審查成績優異者得免面試優先錄取
(以招生名額 2/3 為限)。
三、研究方向:各式前瞻晶片電路與模組
設計,含智慧物聯網/智慧晶片系統/人
工智慧系統晶片設計;生醫/感測/控制
/類比前端積體電路設計;新興記憶體
電路與智慧控制模組;先進射頻通訊晶
片設計;電力電子/電源管理/綠能電子
晶片電路與模組設計
四、本學院與頂尖半導體及永續製造公司
合作,有機會獲得公司獎學金、實習(含
業師共同指導)、預聘、產學合作補助
等。",,,,,,,,,,,,,,,,
國立成功大學,智慧半導體及永續製造學院,半導體製程碩士學位學程,,2025/10/2,14,1.審查100%,,"一、個人審查資料表(請至本學程網頁之招生公告
查看說明)
二、大專歷年成績單(含名次或提供名次證明)
三、研究計畫書
四、自傳
五、其他有助於審查之證明文件或專題報告等(專題作品為多人合作者,須詳細註明合作者姓名
及自己所負責之部分,並請指導老師或系所主管簽名。若有不實者,不予錄取)
六、推薦函二封(於報名系統操作)",,,甄戰_115推甄簡章-國立成功大學.pdf,"一、本學程以突破下世代半導體技術節點
和研發前瞻元件為方向,與國際級產業
及機構合作,共同培育半導體領域之頂
尖人才。
二、本學院與頂尖半導體企業合作,有機
會獲得企業獎學金、實習(含業師共同
指導)、預聘、產學合作補助等。",,,,,,,,,,,,,,,,
國立成功大學,智慧半導體及永續製造學院,半導體封測碩士學位學程,,2025/10/2,9,"1.審查40%
2.面試60%",,"一、個人審查資料表(請至本學程網頁之招生公告查看說明)
二、大專歷年成績單
三、研究計畫書
四、自傳
五、其他有助於審查之證明文件或專題報告等(專題作品為多人合作者,須詳細註明合作者姓名及自己所負責部分,並請指導老師或系所主管簽名,若有不實者不予錄取)
六、推薦函二封(於報名系統操作)",,,甄戰_115推甄簡章-國立成功大學.pdf,"一、審查成績通過者,進入面試名單將公佈
於本學程網頁,不另行通知。
二、審查成績優異者得免面試優先錄取
(以招生名額 2/3 為限)。
三、研究方向:封裝元件設計、封裝材料/
製程、封裝智慧製造、封裝永續循環經
濟製造等領域。
四、錄取生可依本學院培育優秀學生獎學
金實施要點申請獎學金。另外本學院與
頂尖半導體及永續製造業相關公司合
作,有機會獲得公司獎學金、實習(含
業師共同指導)、預聘、產學合作補助
等。",,,,,,,,,,,,,,,,
國立成功大學,智慧半導體及永續製造學院,關鍵材料碩士學位學程,,2025/10/2,13,"1.審查40%
2.面試60%",,"一、個人審查資料表(請至本學程網頁之招生公告查看說明)
二、大專歷年成績單
三、研究計畫書
四、自傳
五、其他有助於審查之證明文件或專題報告等(專題作品為多人合作者,須詳細註明合作者姓名及自己所負責部分,並請指導老師或系所主管簽名,若有不實者不予錄取)
六、推薦函二封(於報名系統操作)",,,甄戰_115推甄簡章-國立成功大學.pdf,"一、審查成績通過者,進入面試名單將公佈於本學程網頁,不另行通知。
二、審查成績優異者得免面試優先錄取(以招生名額 2/3 為限)。
三、研究方向:二維材料開發與應用、奈米/量子技術、功能性材料與元件、能源材料與元件、奈米表面與介面分析等領域
四、錄取生可依本學院培育優秀學生獎學金實施要點申請獎學金。另外本學院與頂尖半導體及永續製造業相關公司合作,有機會獲得公司獎學金、實習(含業師共同指導)、預聘、產學合作補助等。",,,,,,,,,,,,,,,,
國立成功大學,智慧半導體及永續製造學院,智慧與永續製造碩士學位學程,,2025/10/2,9,"1.審查40%
2.面試60%",,"一、個人審查資料表(請至本學程網頁之招生公告查看說明)
二、大專歷年成績單
三、研究計畫書
四、自傳
五、其他有助於審查之證明文件或專題報告等(專題作品為多人合作者,須詳細註明合作者姓名及自己所負責部分,並請指導老師或系所主管簽名,若有不實者不予錄取)
六、推薦函二封(於報名系統操作)",,,甄戰_115推甄簡章-國立成功大學.pdf,"一、審查成績通過者,進入面試名單將公佈於本學程網頁,不另行通知。
二、審查成績優異者得免面試優先錄取(以招生名額 2/3 為限)。
三、研究方向:氫能冶煉技術、智慧模擬輔助製程設計、循環經濟技術、低碳減排技術、綠能應用元件等領域,發展達成碳中和永續發展的智慧製造技術。
四、錄取生可依本學院培育優秀學生獎學金實施要點申請獎學金。另外本學院與頂尖半導體及永續製造業相關公司合作,有機會獲得公司獎學金、實習(含業師共同指導)、預聘、產學合作補助等。",,,,,,,,,,,,,,,,
國立成功大學,智慧半導體及永續製造學院,半導體高階管理暨研發碩士在職專班,,2025/10/2,20,"1.審查50%
2.面試50%",須工作年資六年(含)以上(請上傳工作證明文件)。,"一、個人審查資料表(請至本專班網頁之招生公告
連結表單填寫)
二、大專歷年成績單",,,甄戰_115推甄簡章-國立成功大學.pdf,"一、審查成績通過者,再通知面試。
二、審查成績優異者得免面試優先錄取(以招生名額 1/2 為限)。
三、授課時間:以夜間及假日為原則。
四、備取生遞補作業期限至本校 115 學年度第 1 學期開學日止。
五、學雜費基數每學期壹萬貳仟元,學分費每學分壹萬壹仟元,在學期間均按學校標準收費。",,,,,,,,,,,,,,,,
,,,,,,,,,,,,,,,,,,,,,,,,,,,,
,,,,,,,,,,,,,,,,,,,,,,,,,,,,
,,,,,,,,,,,,,,,,,,,,,,,,,,,,
,,,,,,,,,,,,,,,,,,,,,,,,,,,,
,,,,,,,,,,,,,,,,,,,,,,,,,,,,
,,,,,,,,,,,,,,,,,,,,,,,,,,,,
,,,,,,,,,,,,,,,,,,,,,,,,,,,,
,,,,,,,,,,,,,,,,,,,,,,,,,,,,
,,,,,,,,,,,,,,,,,,,,,,,,,,,,
,,,,,,,,,,,,,,,,,,,,,,,,,,,,
,,,,,,,,,,,,,,,,,,,,,,,,,,,,
,,,,,,,,,,,,,,,,,,,,,,,,,,,,
,,,,,,,,,,,,,,,,,,,,,,,,,,,,
,,,,,,,,,,,,,,,,,,,,,,,,,,,,
,,,,,,,,,,,,,,,,,,,,,,,,,,,,
,,,,,,,,,,,,,,,,,,,,,,,,,,,,
,,,,,,,,,,,,,,,,,,,,,,,,,,,,
,,,,,,,,,,,,,,,,,,,,,,,,,,,,
,,,,,,,,,,,,,,,,,,,,,,,,,,,,
,,,,,,,,,,,,,,,,,,,,,,,,,,,,
,,,,,,,,,,,,,,,,,,,,,,,,,,,,
,,,,,,,,,,,,,,,,,,,,,,,,,,,,
,,,,,,,,,,,,,,,,,,,,,,,,,,,,
,,,,,,,,,,,,,,,,,,,,,,,,,,,,
,,,,,,,,,,,,,,,,,,,,,,,,,,,,
,,,,,,,,,,,,,,,,,,,,,,,,,,,,
,,,,,,,,,,,,,,,,,,,,,,,,,,,,
,,,,,,,,,,,,,,,,,,,,,,,,,,,,
,,,,,,,,,,,,,,,,,,,,,,,,,,,,
,,,,,,,,,,,,,,,,,,,,,,,,,,,,
,,,,,,,,,,,,,,,,,,,,,,,,,,,,
,,,,,,,,,,,,,,,,,,,,,,,,,,,,
,,,,,,,,,,,,,,,,,,,,,,,,,,,,
,,,,,,,,,,,,,,,,,,,,,,,,,,,,
,,,,,,,,,,,,,,,,,,,,,,,,,,,,
,,,,,,,,,,,,,,,,,,,,,,,,,,,,
,,,,,,,,,,,,,,,,,,,,,,,,,,,,
,,,,,,,,,,,,,,,,,,,,,,,,,,,,
,,,,,,,,,,,,,,,,,,,,,,,,,,,,
,,,,,,,,,,,,,,,,,,,,,,,,,,,,
,,,,,,,,,,,,,,,,,,,,,,,,,,,,
,,,,,,,,,,,,,,,,,,,,,,,,,,,,
,,,,,,,,,,,,,,,,,,,,,,,,,,,,
,,,,,,,,,,,,,,,,,,,,,,,,,,,,
,,,,,,,,,,,,,,,,,,,,,,,,,,,,
,,,,,,,,,,,,,,,,,,,,,,,,,,,,
,,,,,,,,,,,,,,,,,,,,,,,,,,,,
,,,,,,,,,,,,,,,,,,,,,,,,,,,,
,,,,,,,,,,,,,,,,,,,,,,,,,,,,
,,,,,,,,,,,,,,,,,,,,,,,,,,,,
,,,,,,,,,,,,,,,,,,,,,,,,,,,,
,,,,,,,,,,,,,,,,,,,,,,,,,,,,
,,,,,,,,,,,,,,,,,,,,,,,,,,,,
,,,,,,,,,,,,,,,,,,,,,,,,,,,,
,,,,,,,,,,,,,,,,,,,,,,,,,,,,
,,,,,,,,,,,,,,,,,,,,,,,,,,,,
,,,,,,,,,,,,,,,,,,,,,,,,,,,,
,,,,,,,,,,,,,,,,,,,,,,,,,,,,
,,,,,,,,,,,,,,,,,,,,,,,,,,,,
,,,,,,,,,,,,,,,,,,,,,,,,,,,,
,,,,,,,,,,,,,,,,,,,,,,,,,,,,
,,,,,,,,,,,,,,,,,,,,,,,,,,,,
,,,,,,,,,,,,,,,,,,,,,,,,,,,,
,,,,,,,,,,,,,,,,,,,,,,,,,,,,
,,,,,,,,,,,,,,,,,,,,,,,,,,,,
,,,,,,,,,,,,,,,,,,,,,,,,,,,,
,,,,,,,,,,,,,,,,,,,,,,,,,,,,
,,,,,,,,,,,,,,,,,,,,,,,,,,,,
,,,,,,,,,,,,,,,,,,,,,,,,,,,,
,,,,,,,,,,,,,,,,,,,,,,,,,,,,
,,,,,,,,,,,,,,,,,,,,,,,,,,,,
,,,,,,,,,,,,,,,,,,,,,,,,,,,,
,,,,,,,,,,,,,,,,,,,,,,,,,,,,
,,,,,,,,,,,,,,,,,,,,,,,,,,,,
,,,,,,,,,,,,,,,,,,,,,,,,,,,,
,,,,,,,,,,,,,,,,,,,,,,,,,,,,
,,,,,,,,,,,,,,,,,,,,,,,,,,,,
,,,,,,,,,,,,,,,,,,,,,,,,,,,,
,,,,,,,,,,,,,,,,,,,,,,,,,,,,
,,,,,,,,,,,,,,,,,,,,,,,,,,,,
,,,,,,,,,,,,,,,,,,,,,,,,,,,,
,,,,,,,,,,,,,,,,,,,,,,,,,,,,
,,,,,,,,,,,,,,,,,,,,,,,,,,,,
,,,,,,,,,,,,,,,,,,,,,,,,,,,,
,,,,,,,,,,,,,,,,,,,,,,,,,,,,
,,,,,,,,,,,,,,,,,,,,,,,,,,,,
,,,,,,,,,,,,,,,,,,,,,,,,,,,,
,,,,,,,,,,,,,,,,,,,,,,,,,,,,
,,,,,,,,,,,,,,,,,,,,,,,,,,,,
,,,,,,,,,,,,,,,,,,,,,,,,,,,,
,,,,,,,,,,,,,,,,,,,,,,,,,,,,
,,,,,,,,,,,,,,,,,,,,,,,,,,,,
,,,,,,,,,,,,,,,,,,,,,,,,,,,,
,,,,,,,,,,,,,,,,,,,,,,,,,,,,
,,,,,,,,,,,,,,,,,,,,,,,,,,,,
,,,,,,,,,,,,,,,,,,,,,,,,,,,,
,,,,,,,,,,,,,,,,,,,,,,,,,,,,
,,,,,,,,,,,,,,,,,,,,,,,,,,,,
,,,,,,,,,,,,,,,,,,,,,,,,,,,,
,,,,,,,,,,,,,,,,,,,,,,,,,,,,
,,,,,,,,,,,,,,,,,,,,,,,,,,,,
,,,,,,,,,,,,,,,,,,,,,,,,,,,,
,,,,,,,,,,,,,,,,,,,,,,,,,,,,
,,,,,,,,,,,,,,,,,,,,,,,,,,,,
,,,,,,,,,,,,,,,,,,,,,,,,,,,,
,,,,,,,,,,,,,,,,,,,,,,,,,,,,
,,,,,,,,,,,,,,,,,,,,,,,,,,,,
,,,,,,,,,,,,,,,,,,,,,,,,,,,,
,,,,,,,,,,,,,,,,,,,,,,,,,,,,
,,,,,,,,,,,,,,,,,,,,,,,,,,,,
,,,,,,,,,,,,,,,,,,,,,,,,,,,,
,,,,,,,,,,,,,,,,,,,,,,,,,,,,
,,,,,,,,,,,,,,,,,,,,,,,,,,,,
,,,,,,,,,,,,,,,,,,,,,,,,,,,,
,,,,,,,,,,,,,,,,,,,,,,,,,,,,
,,,,,,,,,,,,,,,,,,,,,,,,,,,,
,,,,,,,,,,,,,,,,,,,,,,,,,,,,
,,,,,,,,,,,,,,,,,,,,,,,,,,,,
,,,,,,,,,,,,,,,,,,,,,,,,,,,,
,,,,,,,,,,,,,,,,,,,,,,,,,,,,
,,,,,,,,,,,,,,,,,,,,,,,,,,,,
,,,,,,,,,,,,,,,,,,,,,,,,,,,,
,,,,,,,,,,,,,,,,,,,,,,,,,,,,
,,,,,,,,,,,,,,,,,,,,,,,,,,,,
,,,,,,,,,,,,,,,,,,,,,,,,,,,,
,,,,,,,,,,,,,,,,,,,,,,,,,,,,
,,,,,,,,,,,,,,,,,,,,,,,,,,,,
,,,,,,,,,,,,,,,,,,,,,,,,,,,,
,,,,,,,,,,,,,,,,,,,,,,,,,,,,
,,,,,,,,,,,,,,,,,,,,,,,,,,,,
,,,,,,,,,,,,,,,,,,,,,,,,,,,,
,,,,,,,,,,,,,,,,,,,,,,,,,,,,
,,,,,,,,,,,,,,,,,,,,,,,,,,,,
,,,,,,,,,,,,,,,,,,,,,,,,,,,,
,,,,,,,,,,,,,,,,,,,,,,,,,,,,
,,,,,,,,,,,,,,,,,,,,,,,,,,,,
,,,,,,,,,,,,,,,,,,,,,,,,,,,,
,,,,,,,,,,,,,,,,,,,,,,,,,,,,
,,,,,,,,,,,,,,,,,,,,,,,,,,,,
,,,,,,,,,,,,,,,,,,,,,,,,,,,,
,,,,,,,,,,,,,,,,,,,,,,,,,,,,
,,,,,,,,,,,,,,,,,,,,,,,,,,,,
,,,,,,,,,,,,,,,,,,,,,,,,,,,,
,,,,,,,,,,,,,,,,,,,,,,,,,,,,
,,,,,,,,,,,,,,,,,,,,,,,,,,,,
,,,,,,,,,,,,,,,,,,,,,,,,,,,,
,,,,,,,,,,,,,,,,,,,,,,,,,,,,
,,,,,,,,,,,,,,,,,,,,,,,,,,,,
,,,,,,,,,,,,,,,,,,,,,,,,,,,,
,,,,,,,,,,,,,,,,,,,,,,,,,,,,
,,,,,,,,,,,,,,,,,,,,,,,,,,,,
,,,,,,,,,,,,,,,,,,,,,,,,,,,,
,,,,,,,,,,,,,,,,,,,,,,,,,,,,
,,,,,,,,,,,,,,,,,,,,,,,,,,,,
,,,,,,,,,,,,,,,,,,,,,,,,,,,,
,,,,,,,,,,,,,,,,,,,,,,,,,,,,
,,,,,,,,,,,,,,,,,,,,,,,,,,,,
,,,,,,,,,,,,,,,,,,,,,,,,,,,,
,,,,,,,,,,,,,,,,,,,,,,,,,,,,
,,,,,,,,,,,,,,,,,,,,,,,,,,,,
,,,,,,,,,,,,,,,,,,,,,,,,,,,,
,,,,,,,,,,,,,,,,,,,,,,,,,,,,
,,,,,,,,,,,,,,,,,,,,,,,,,,,,
,,,,,,,,,,,,,,,,,,,,,,,,,,,,
,,,,,,,,,,,,,,,,,,,,,,,,,,,,
,,,,,,,,,,,,,,,,,,,,,,,,,,,,
,,,,,,,,,,,,,,,,,,,,,,,,,,,,
,,,,,,,,,,,,,,,,,,,,,,,,,,,,
,,,,,,,,,,,,,,,,,,,,,,,,,,,,
,,,,,,,,,,,,,,,,,,,,,,,,,,,,
,,,,,,,,,,,,,,,,,,,,,,,,,,,,
,,,,,,,,,,,,,,,,,,,,,,,,,,,,
,,,,,,,,,,,,,,,,,,,,,,,,,,,,
,,,,,,,,,,,,,,,,,,,,,,,,,,,,
,,,,,,,,,,,,,,,,,,,,,,,,,,,,
,,,,,,,,,,,,,,,,,,,,,,,,,,,,
,,,,,,,,,,,,,,,,,,,,,,,,,,,,
,,,,,,,,,,,,,,,,,,,,,,,,,,,,
,,,,,,,,,,,,,,,,,,,,,,,,,,,,
,,,,,,,,,,,,,,,,,,,,,,,,,,,,
,,,,,,,,,,,,,,,,,,,,,,,,,,,,
,,,,,,,,,,,,,,,,,,,,,,,,,,,,
,,,,,,,,,,,,,,,,,,,,,,,,,,,,
,,,,,,,,,,,,,,,,,,,,,,,,,,,,
,,,,,,,,,,,,,,,,,,,,,,,,,,,,
,,,,,,,,,,,,,,,,,,,,,,,,,,,,
,,,,,,,,,,,,,,,,,,,,,,,,,,,,
,,,,,,,,,,,,,,,,,,,,,,,,,,,,
,,,,,,,,,,,,,,,,,,,,,,,,,,,,
,,,,,,,,,,,,,,,,,,,,,,,,,,,,
,,,,,,,,,,,,,,,,,,,,,,,,,,,,
,,,,,,,,,,,,,,,,,,,,,,,,,,,,
,,,,,,,,,,,,,,,,,,,,,,,,,,,,
,,,,,,,,,,,,,,,,,,,,,,,,,,,,
,,,,,,,,,,,,,,,,,,,,,,,,,,,,
,,,,,,,,,,,,,,,,,,,,,,,,,,,,
,,,,,,,,,,,,,,,,,,,,,,,,,,,,
,,,,,,,,,,,,,,,,,,,,,,,,,,,,
,,,,,,,,,,,,,,,,,,,,,,,,,,,,
,,,,,,,,,,,,,,,,,,,,,,,,,,,,
,,,,,,,,,,,,,,,,,,,,,,,,,,,,
,,,,,,,,,,,,,,,,,,,,,,,,,,,,
,,,,,,,,,,,,,,,,,,,,,,,,,,,,
,,,,,,,,,,,,,,,,,,,,,,,,,,,,
,,,,,,,,,,,,,,,,,,,,,,,,,,,,
,,,,,,,,,,,,,,,,,,,,,,,,,,,,
,,,,,,,,,,,,,,,,,,,,,,,,,,,,
,,,,,,,,,,,,,,,,,,,,,,,,,,,,
,,,,,,,,,,,,,,,,,,,,,,,,,,,,
,,,,,,,,,,,,,,,,,,,,,,,,,,,,
,,,,,,,,,,,,,,,,,,,,,,,,,,,,
,,,,,,,,,,,,,,,,,,,,,,,,,,,,
,,,,,,,,,,,,,,,,,,,,,,,,,,,,
,,,,,,,,,,,,,,,,,,,,,,,,,,,,
,,,,,,,,,,,,,,,,,,,,,,,,,,,,
,,,,,,,,,,,,,,,,,,,,,,,,,,,,
,,,,,,,,,,,,,,,,,,,,,,,,,,,,
,,,,,,,,,,,,,,,,,,,,,,,,,,,,
,,,,,,,,,,,,,,,,,,,,,,,,,,,,
,,,,,,,,,,,,,,,,,,,,,,,,,,,,
,,,,,,,,,,,,,,,,,,,,,,,,,,,,
,,,,,,,,,,,,,,,,,,,,,,,,,,,,
,,,,,,,,,,,,,,,,,,,,,,,,,,,,
,,,,,,,,,,,,,,,,,,,,,,,,,,,,
,,,,,,,,,,,,,,,,,,,,,,,,,,,,
,,,,,,,,,,,,,,,,,,,,,,,,,,,,
,,,,,,,,,,,,,,,,,,,,,,,,,,,,
,,,,,,,,,,,,,,,,,,,,,,,,,,,,
,,,,,,,,,,,,,,,,,,,,,,,,,,,,
,,,,,,,,,,,,,,,,,,,,,,,,,,,,
,,,,,,,,,,,,,,,,,,,,,,,,,,,,
,,,,,,,,,,,,,,,,,,,,,,,,,,,,
,,,,,,,,,,,,,,,,,,,,,,,,,,,,
,,,,,,,,,,,,,,,,,,,,,,,,,,,,
,,,,,,,,,,,,,,,,,,,,,,,,,,,,
,,,,,,,,,,,,,,,,,,,,,,,,,,,,
,,,,,,,,,,,,,,,,,,,,,,,,,,,,
,,,,,,,,,,,,,,,,,,,,,,,,,,,,
,,,,,,,,,,,,,,,,,,,,,,,,,,,,
,,,,,,,,,,,,,,,,,,,,,,,,,,,,
,,,,,,,,,,,,,,,,,,,,,,,,,,,,
,,,,,,,,,,,,,,,,,,,,,,,,,,,,
,,,,,,,,,,,,,,,,,,,,,,,,,,,,
,,,,,,,,,,,,,,,,,,,,,,,,,,,,
,,,,,,,,,,,,,,,,,,,,,,,,,,,,
,,,,,,,,,,,,,,,,,,,,,,,,,,,,
,,,,,,,,,,,,,,,,,,,,,,,,,,,,
,,,,,,,,,,,,,,,,,,,,,,,,,,,,
,,,,,,,,,,,,,,,,,,,,,,,,,,,,
,,,,,,,,,,,,,,,,,,,,,,,,,,,,
,,,,,,,,,,,,,,,,,,,,,,,,,,,,
,,,,,,,,,,,,,,,,,,,,,,,,,,,,
,,,,,,,,,,,,,,,,,,,,,,,,,,,,
,,,,,,,,,,,,,,,,,,,,,,,,,,,,
,,,,,,,,,,,,,,,,,,,,,,,,,,,,
,,,,,,,,,,,,,,,,,,,,,,,,,,,,
,,,,,,,,,,,,,,,,,,,,,,,,,,,,
,,,,,,,,,,,,,,,,,,,,,,,,,,,,
,,,,,,,,,,,,,,,,,,,,,,,,,,,,
,,,,,,,,,,,,,,,,,,,,,,,,,,,,
,,,,,,,,,,,,,,,,,,,,,,,,,,,,
,,,,,,,,,,,,,,,,,,,,,,,,,,,,
,,,,,,,,,,,,,,,,,,,,,,,,,,,,
,,,,,,,,,,,,,,,,,,,,,,,,,,,,
,,,,,,,,,,,,,,,,,,,,,,,,,,,,
,,,,,,,,,,,,,,,,,,,,,,,,,,,,
,,,,,,,,,,,,,,,,,,,,,,,,,,,,
,,,,,,,,,,,,,,,,,,,,,,,,,,,,
,,,,,,,,,,,,,,,,,,,,,,,,,,,,
,,,,,,,,,,,,,,,,,,,,,,,,,,,,
,,,,,,,,,,,,,,,,,,,,,,,,,,,,
,,,,,,,,,,,,,,,,,,,,,,,,,,,,
,,,,,,,,,,,,,,,,,,,,,,,,,,,,
,,,,,,,,,,,,,,,,,,,,,,,,,,,,
,,,,,,,,,,,,,,,,,,,,,,,,,,,,
,,,,,,,,,,,,,,,,,,,,,,,,,,,,
,,,,,,,,,,,,,,,,,,,,,,,,,,,,
,,,,,,,,,,,,,,,,,,,,,,,,,,,,
,,,,,,,,,,,,,,,,,,,,,,,,,,,,
,,,,,,,,,,,,,,,,,,,,,,,,,,,,
,,,,,,,,,,,,,,,,,,,,,,,,,,,,
,,,,,,,,,,,,,,,,,,,,,,,,,,,,
,,,,,,,,,,,,,,,,,,,,,,,,,,,,
,,,,,,,,,,,,,,,,,,,,,,,,,,,,
,,,,,,,,,,,,,,,,,,,,,,,,,,,,
,,,,,,,,,,,,,,,,,,,,,,,,,,,,
,,,,,,,,,,,,,,,,,,,,,,,,,,,,
,,,,,,,,,,,,,,,,,,,,,,,,,,,,
,,,,,,,,,,,,,,,,,,,,,,,,,,,,
,,,,,,,,,,,,,,,,,,,,,,,,,,,,
,,,,,,,,,,,,,,,,,,,,,,,,,,,,
,,,,,,,,,,,,,,,,,,,,,,,,,,,,
,,,,,,,,,,,,,,,,,,,,,,,,,,,,
,,,,,,,,,,,,,,,,,,,,,,,,,,,,
,,,,,,,,,,,,,,,,,,,,,,,,,,,,
,,,,,,,,,,,,,,,,,,,,,,,,,,,,
,,,,,,,,,,,,,,,,,,,,,,,,,,,,
,,,,,,,,,,,,,,,,,,,,,,,,,,,,
,,,,,,,,,,,,,,,,,,,,,,,,,,,,
,,,,,,,,,,,,,,,,,,,,,,,,,,,,
,,,,,,,,,,,,,,,,,,,,,,,,,,,,
,,,,,,,,,,,,,,,,,,,,,,,,,,,,
,,,,,,,,,,,,,,,,,,,,,,,,,,,,
,,,,,,,,,,,,,,,,,,,,,,,,,,,,
,,,,,,,,,,,,,,,,,,,,,,,,,,,,
,,,,,,,,,,,,,,,,,,,,,,,,,,,,
,,,,,,,,,,,,,,,,,,,,,,,,,,,,
,,,,,,,,,,,,,,,,,,,,,,,,,,,,
,,,,,,,,,,,,,,,,,,,,,,,,,,,,
,,,,,,,,,,,,,,,,,,,,,,,,,,,,
,,,,,,,,,,,,,,,,,,,,,,,,,,,,
,,,,,,,,,,,,,,,,,,,,,,,,,,,,
,,,,,,,,,,,,,,,,,,,,,,,,,,,,
,,,,,,,,,,,,,,,,,,,,,,,,,,,,
,,,,,,,,,,,,,,,,,,,,,,,,,,,,
,,,,,,,,,,,,,,,,,,,,,,,,,,,,
,,,,,,,,,,,,,,,,,,,,,,,,,,,,
,,,,,,,,,,,,,,,,,,,,,,,,,,,,
,,,,,,,,,,,,,,,,,,,,,,,,,,,,
,,,,,,,,,,,,,,,,,,,,,,,,,,,,
,,,,,,,,,,,,,,,,,,,,,,,,,,,,
,,,,,,,,,,,,,,,,,,,,,,,,,,,,
,,,,,,,,,,,,,,,,,,,,,,,,,,,,
,,,,,,,,,,,,,,,,,,,,,,,,,,,,
,,,,,,,,,,,,,,,,,,,,,,,,,,,,
,,,,,,,,,,,,,,,,,,,,,,,,,,,,
,,,,,,,,,,,,,,,,,,,,,,,,,,,,
,,,,,,,,,,,,,,,,,,,,,,,,,,,,
,,,,,,,,,,,,,,,,,,,,,,,,,,,,
,,,,,,,,,,,,,,,,,,,,,,,,,,,,
,,,,,,,,,,,,,,,,,,,,,,,,,,,,
,,,,,,,,,,,,,,,,,,,,,,,,,,,,
,,,,,,,,,,,,,,,,,,,,,,,,,,,,
,,,,,,,,,,,,,,,,,,,,,,,,,,,,
,,,,,,,,,,,,,,,,,,,,,,,,,,,,
,,,,,,,,,,,,,,,,,,,,,,,,,,,,
,,,,,,,,,,,,,,,,,,,,,,,,,,,,
,,,,,,,,,,,,,,,,,,,,,,,,,,,,
,,,,,,,,,,,,,,,,,,,,,,,,,,,,
,,,,,,,,,,,,,,,,,,,,,,,,,,,,
,,,,,,,,,,,,,,,,,,,,,,,,,,,,
,,,,,,,,,,,,,,,,,,,,,,,,,,,,
,,,,,,,,,,,,,,,,,,,,,,,,,,,,
,,,,,,,,,,,,,,,,,,,,,,,,,,,,
,,,,,,,,,,,,,,,,,,,,,,,,,,,,
,,,,,,,,,,,,,,,,,,,,,,,,,,,,
,,,,,,,,,,,,,,,,,,,,,,,,,,,,
,,,,,,,,,,,,,,,,,,,,,,,,,,,,
,,,,,,,,,,,,,,,,,,,,,,,,,,,,
,,,,,,,,,,,,,,,,,,,,,,,,,,,,
,,,,,,,,,,,,,,,,,,,,,,,,,,,,
,,,,,,,,,,,,,,,,,,,,,,,,,,,,
,,,,,,,,,,,,,,,,,,,,,,,,,,,,
,,,,,,,,,,,,,,,,,,,,,,,,,,,,
,,,,,,,,,,,,,,,,,,,,,,,,,,,,
,,,,,,,,,,,,,,,,,,,,,,,,,,,,
,,,,,,,,,,,,,,,,,,,,,,,,,,,,
,,,,,,,,,,,,,,,,,,,,,,,,,,,,
,,,,,,,,,,,,,,,,,,,,,,,,,,,,
,,,,,,,,,,,,,,,,,,,,,,,,,,,,
,,,,,,,,,,,,,,,,,,,,,,,,,,,,
,,,,,,,,,,,,,,,,,,,,,,,,,,,,
,,,,,,,,,,,,,,,,,,,,,,,,,,,,
,,,,,,,,,,,,,,,,,,,,,,,,,,,,
,,,,,,,,,,,,,,,,,,,,,,,,,,,,
,,,,,,,,,,,,,,,,,,,,,,,,,,,,
,,,,,,,,,,,,,,,,,,,,,,,,,,,,
,,,,,,,,,,,,,,,,,,,,,,,,,,,,
,,,,,,,,,,,,,,,,,,,,,,,,,,,,
,,,,,,,,,,,,,,,,,,,,,,,,,,,,
,,,,,,,,,,,,,,,,,,,,,,,,,,,,
,,,,,,,,,,,,,,,,,,,,,,,,,,,,
,,,,,,,,,,,,,,,,,,,,,,,,,,,,
,,,,,,,,,,,,,,,,,,,,,,,,,,,,
,,,,,,,,,,,,,,,,,,,,,,,,,,,,
,,,,,,,,,,,,,,,,,,,,,,,,,,,,
,,,,,,,,,,,,,,,,,,,,,,,,,,,,
,,,,,,,,,,,,,,,,,,,,,,,,,,,,
,,,,,,,,,,,,,,,,,,,,,,,,,,,,
,,,,,,,,,,,,,,,,,,,,,,,,,,,,
,,,,,,,,,,,,,,,,,,,,,,,,,,,,
,,,,,,,,,,,,,,,,,,,,,,,,,,,,
,,,,,,,,,,,,,,,,,,,,,,,,,,,,
,,,,,,,,,,,,,,,,,,,,,,,,,,,,
,,,,,,,,,,,,,,,,,,,,,,,,,,,,
,,,,,,,,,,,,,,,,,,,,,,,,,,,,
,,,,,,,,,,,,,,,,,,,,,,,,,,,,
,,,,,,,,,,,,,,,,,,,,,,,,,,,,
,,,,,,,,,,,,,,,,,,,,,,,,,,,,
,,,,,,,,,,,,,,,,,,,,,,,,,,,,
,,,,,,,,,,,,,,,,,,,,,,,,,,,,
,,,,,,,,,,,,,,,,,,,,,,,,,,,,
,,,,,,,,,,,,,,,,,,,,,,,,,,,,
,,,,,,,,,,,,,,,,,,,,,,,,,,,,
,,,,,,,,,,,,,,,,,,,,,,,,,,,,
,,,,,,,,,,,,,,,,,,,,,,,,,,,,
,,,,,,,,,,,,,,,,,,,,,,,,,,,,
,,,,,,,,,,,,,,,,,,,,,,,,,,,,
,,,,,,,,,,,,,,,,,,,,,,,,,,,,
,,,,,,,,,,,,,,,,,,,,,,,,,,,,
,,,,,,,,,,,,,,,,,,,,,,,,,,,,
,,,,,,,,,,,,,,,,,,,,,,,,,,,,
,,,,,,,,,,,,,,,,,,,,,,,,,,,,
,,,,,,,,,,,,,,,,,,,,,,,,,,,,
,,,,,,,,,,,,,,,,,,,,,,,,,,,,
,,,,,,,,,,,,,,,,,,,,,,,,,,,,
,,,,,,,,,,,,,,,,,,,,,,,,,,,,
,,,,,,,,,,,,,,,,,,,,,,,,,,,,
,,,,,,,,,,,,,,,,,,,,,,,,,,,,
,,,,,,,,,,,,,,,,,,,,,,,,,,,,
,,,,,,,,,,,,,,,,,,,,,,,,,,,,
,,,,,,,,,,,,,,,,,,,,,,,,,,,,
,,,,,,,,,,,,,,,,,,,,,,,,,,,,
,,,,,,,,,,,,,,,,,,,,,,,,,,,,
,,,,,,,,,,,,,,,,,,,,,,,,,,,,
,,,,,,,,,,,,,,,,,,,,,,,,,,,,
,,,,,,,,,,,,,,,,,,,,,,,,,,,,
,,,,,,,,,,,,,,,,,,,,,,,,,,,,
,,,,,,,,,,,,,,,,,,,,,,,,,,,,
,,,,,,,,,,,,,,,,,,,,,,,,,,,,
,,,,,,,,,,,,,,,,,,,,,,,,,,,,
,,,,,,,,,,,,,,,,,,,,,,,,,,,,
,,,,,,,,,,,,,,,,,,,,,,,,,,,,
,,,,,,,,,,,,,,,,,,,,,,,,,,,,
,,,,,,,,,,,,,,,,,,,,,,,,,,,,
,,,,,,,,,,,,,,,,,,,,,,,,,,,,
,,,,,,,,,,,,,,,,,,,,,,,,,,,,
,,,,,,,,,,,,,,,,,,,,,,,,,,,,
,,,,,,,,,,,,,,,,,,,,,,,,,,,,
,,,,,,,,,,,,,,,,,,,,,,,,,,,,
,,,,,,,,,,,,,,,,,,,,,,,,,,,,
,,,,,,,,,,,,,,,,,,,,,,,,,,,,
,,,,,,,,,,,,,,,,,,,,,,,,,,,,
,,,,,,,,,,,,,,,,,,,,,,,,,,,,
,,,,,,,,,,,,,,,,,,,,,,,,,,,,
,,,,,,,,,,,,,,,,,,,,,,,,,,,,
,,,,,,,,,,,,,,,,,,,,,,,,,,,,
,,,,,,,,,,,,,,,,,,,,,,,,,,,,
,,,,,,,,,,,,,,,,,,,,,,,,,,,,
,,,,,,,,,,,,,,,,,,,,,,,,,,,,
,,,,,,,,,,,,,,,,,,,,,,,,,,,,
,,,,,,,,,,,,,,,,,,,,,,,,,,,,
,,,,,,,,,,,,,,,,,,,,,,,,,,,,
,,,,,,,,,,,,,,,,,,,,,,,,,,,,
,,,,,,,,,,,,,,,,,,,,,,,,,,,,
,,,,,,,,,,,,,,,,,,,,,,,,,,,,
,,,,,,,,,,,,,,,,,,,,,,,,,,,,
,,,,,,,,,,,,,,,,,,,,,,,,,,,,
,,,,,,,,,,,,,,,,,,,,,,,,,,,,
,,,,,,,,,,,,,,,,,,,,,,,,,,,,
,,,,,,,,,,,,,,,,,,,,,,,,,,,,
,,,,,,,,,,,,,,,,,,,,,,,,,,,,
,,,,,,,,,,,,,,,,,,,,,,,,,,,,
,,,,,,,,,,,,,,,,,,,,,,,,,,,,
,,,,,,,,,,,,,,,,,,,,,,,,,,,,
,,,,,,,,,,,,,,,,,,,,,,,,,,,,
,,,,,,,,,,,,,,,,,,,,,,,,,,,,
,,,,,,,,,,,,,,,,,,,,,,,,,,,,
,,,,,,,,,,,,,,,,,,,,,,,,,,,,
,,,,,,,,,,,,,,,,,,,,,,,,,,,,
,,,,,,,,,,,,,,,,,,,,,,,,,,,,
,,,,,,,,,,,,,,,,,,,,,,,,,,,,
,,,,,,,,,,,,,,,,,,,,,,,,,,,,
,,,,,,,,,,,,,,,,,,,,,,,,,,,,
,,,,,,,,,,,,,,,,,,,,,,,,,,,,
,,,,,,,,,,,,,,,,,,,,,,,,,,,,
,,,,,,,,,,,,,,,,,,,,,,,,,,,,
,,,,,,,,,,,,,,,,,,,,,,,,,,,,
,,,,,,,,,,,,,,,,,,,,,,,,,,,,
,,,,,,,,,,,,,,,,,,,,,,,,,,,,
,,,,,,,,,,,,,,,,,,,,,,,,,,,,
,,,,,,,,,,,,,,,,,,,,,,,,,,,,
,,,,,,,,,,,,,,,,,,,,,,,,,,,,
,,,,,,,,,,,,,,,,,,,,,,,,,,,,
,,,,,,,,,,,,,,,,,,,,,,,,,,,,
,,,,,,,,,,,,,,,,,,,,,,,,,,,,
,,,,,,,,,,,,,,,,,,,,,,,,,,,,
,,,,,,,,,,,,,,,,,,,,,,,,,,,,
,,,,,,,,,,,,,,,,,,,,,,,,,,,,
,,,,,,,,,,,,,,,,,,,,,,,,,,,,
,,,,,,,,,,,,,,,,,,,,,,,,,,,,
,,,,,,,,,,,,,,,,,,,,,,,,,,,,
,,,,,,,,,,,,,,,,,,,,,,,,,,,,
,,,,,,,,,,,,,,,,,,,,,,,,,,,,
,,,,,,,,,,,,,,,,,,,,,,,,,,,,
,,,,,,,,,,,,,,,,,,,,,,,,,,,,
,,,,,,,,,,,,,,,,,,,,,,,,,,,,
,,,,,,,,,,,,,,,,,,,,,,,,,,,,
,,,,,,,,,,,,,,,,,,,,,,,,,,,,
,,,,,,,,,,,,,,,,,,,,,,,,,,,,
,,,,,,,,,,,,,,,,,,,,,,,,,,,,
,,,,,,,,,,,,,,,,,,,,,,,,,,,,
,,,,,,,,,,,,,,,,,,,,,,,,,,,,
,,,,,,,,,,,,,,,,,,,,,,,,,,,,
,,,,,,,,,,,,,,,,,,,,,,,,,,,,
,,,,,,,,,,,,,,,,,,,,,,,,,,,,
,,,,,,,,,,,,,,,,,,,,,,,,,,,,
,,,,,,,,,,,,,,,,,,,,,,,,,,,,
,,,,,,,,,,,,,,,,,,,,,,,,,,,,
,,,,,,,,,,,,,,,,,,,,,,,,,,,,
,,,,,,,,,,,,,,,,,,,,,,,,,,,,
,,,,,,,,,,,,,,,,,,,,,,,,,,,,
,,,,,,,,,,,,,,,,,,,,,,,,,,,,
,,,,,,,,,,,,,,,,,,,,,,,,,,,,
,,,,,,,,,,,,,,,,,,,,,,,,,,,,
,,,,,,,,,,,,,,,,,,,,,,,,,,,,
,,,,,,,,,,,,,,,,,,,,,,,,,,,,
,,,,,,,,,,,,,,,,,,,,,,,,,,,,
,,,,,,,,,,,,,,,,,,,,,,,,,,,,
,,,,,,,,,,,,,,,,,,,,,,,,,,,,
,,,,,,,,,,,,,,,,,,,,,,,,,,,,
,,,,,,,,,,,,,,,,,,,,,,,,,,,,
,,,,,,,,,,,,,,,,,,,,,,,,,,,,
,,,,,,,,,,,,,,,,,,,,,,,,,,,,
,,,,,,,,,,,,,,,,,,,,,,,,,,,,
,,,,,,,,,,,,,,,,,,,,,,,,,,,,
,,,,,,,,,,,,,,,,,,,,,,,,,,,,
,,,,,,,,,,,,,,,,,,,,,,,,,,,,
,,,,,,,,,,,,,,,,,,,,,,,,,,,,
,,,,,,,,,,,,,,,,,,,,,,,,,,,,
,,,,,,,,,,,,,,,,,,,,,,,,,,,,
,,,,,,,,,,,,,,,,,,,,,,,,,,,,
,,,,,,,,,,,,,,,,,,,,,,,,,,,,
,,,,,,,,,,,,,,,,,,,,,,,,,,,,
,,,,,,,,,,,,,,,,,,,,,,,,,,,,
,,,,,,,,,,,,,,,,,,,,,,,,,,,,
,,,,,,,,,,,,,,,,,,,,,,,,,,,,
,,,,,,,,,,,,,,,,,,,,,,,,,,,,
,,,,,,,,,,,,,,,,,,,,,,,,,,,,
,,,,,,,,,,,,,,,,,,,,,,,,,,,,
,,,,,,,,,,,,,,,,,,,,,,,,,,,,
,,,,,,,,,,,,,,,,,,,,,,,,,,,,
,,,,,,,,,,,,,,,,,,,,,,,,,,,,
,,,,,,,,,,,,,,,,,,,,,,,,,,,,
,,,,,,,,,,,,,,,,,,,,,,,,,,,,
,,,,,,,,,,,,,,,,,,,,,,,,,,,,
,,,,,,,,,,,,,,,,,,,,,,,,,,,,
,,,,,,,,,,,,,,,,,,,,,,,,,,,,
,,,,,,,,,,,,,,,,,,,,,,,,,,,,
,,,,,,,,,,,,,,,,,,,,,,,,,,,,
,,,,,,,,,,,,,,,,,,,,,,,,,,,,
,,,,,,,,,,,,,,,,,,,,,,,,,,,,
,,,,,,,,,,,,,,,,,,,,,,,,,,,,
,,,,,,,,,,,,,,,,,,,,,,,,,,,,
,,,,,,,,,,,,,,,,,,,,,,,,,,,,
,,,,,,,,,,,,,,,,,,,,,,,,,,,,
,,,,,,,,,,,,,,,,,,,,,,,,,,,,
,,,,,,,,,,,,,,,,,,,,,,,,,,,,
,,,,,,,,,,,,,,,,,,,,,,,,,,,,
,,,,,,,,,,,,,,,,,,,,,,,,,,,,
,,,,,,,,,,,,,,,,,,,,,,,,,,,,
,,,,,,,,,,,,,,,,,,,,,,,,,,,,
,,,,,,,,,,,,,,,,,,,,,,,,,,,,
,,,,,,,,,,,,,,,,,,,,,,,,,,,,
,,,,,,,,,,,,,,,,,,,,,,,,,,,,
,,,,,,,,,,,,,,,,,,,,,,,,,,,,
,,,,,,,,,,,,,,,,,,,,,,,,,,,,
,,,,,,,,,,,,,,,,,,,,,,,,,,,,
,,,,,,,,,,,,,,,,,,,,,,,,,,,,
,,,,,,,,,,,,,,,,,,,,,,,,,,,,
,,,,,,,,,,,,,,,,,,,,,,,,,,,,
,,,,,,,,,,,,,,,,,,,,,,,,,,,,
,,,,,,,,,,,,,,,,,,,,,,,,,,,,
,,,,,,,,,,,,,,,,,,,,,,,,,,,,
,,,,,,,,,,,,,,,,,,,,,,,,,,,,
,,,,,,,,,,,,,,,,,,,,,,,,,,,,
,,,,,,,,,,,,,,,,,,,,,,,,,,,,
,,,,,,,,,,,,,,,,,,,,,,,,,,,,
,,,,,,,,,,,,,,,,,,,,,,,,,,,,
,,,,,,,,,,,,,,,,,,,,,,,,,,,,
,,,,,,,,,,,,,,,,,,,,,,,,,,,,
,,,,,,,,,,,,,,,,,,,,,,,,,,,,
,,,,,,,,,,,,,,,,,,,,,,,,,,,,
,,,,,,,,,,,,,,,,,,,,,,,,,,,,
,,,,,,,,,,,,,,,,,,,,,,,,,,,,
,,,,,,,,,,,,,,,,,,,,,,,,,,,,
,,,,,,,,,,,,,,,,,,,,,,,,,,,,
,,,,,,,,,,,,,,,,,,,,,,,,,,,,
,,,,,,,,,,,,,,,,,,,,,,,,,,,,
,,,,,,,,,,,,,,,,,,,,,,,,,,,,
,,,,,,,,,,,,,,,,,,,,,,,,,,,,
,,,,,,,,,,,,,,,,,,,,,,,,,,,,
,,,,,,,,,,,,,,,,,,,,,,,,,,,,
,,,,,,,,,,,,,,,,,,,,,,,,,,,,
,,,,,,,,,,,,,,,,,,,,,,,,,,,,
,,,,,,,,,,,,,,,,,,,,,,,,,,,,
,,,,,,,,,,,,,,,,,,,,,,,,,,,,
,,,,,,,,,,,,,,,,,,,,,,,,,,,,
,,,,,,,,,,,,,,,,,,,,,,,,,,,,
,,,,,,,,,,,,,,,,,,,,,,,,,,,,
,,,,,,,,,,,,,,,,,,,,,,,,,,,,
,,,,,,,,,,,,,,,,,,,,,,,,,,,,
,,,,,,,,,,,,,,,,,,,,,,,,,,,,
,,,,,,,,,,,,,,,,,,,,,,,,,,,,
,,,,,,,,,,,,,,,,,,,,,,,,,,,,
,,,,,,,,,,,,,,,,,,,,,,,,,,,,
,,,,,,,,,,,,,,,,,,,,,,,,,,,,
,,,,,,,,,,,,,,,,,,,,,,,,,,,,
,,,,,,,,,,,,,,,,,,,,,,,,,,,,
,,,,,,,,,,,,,,,,,,,,,,,,,,,,
,,,,,,,,,,,,,,,,,,,,,,,,,,,,
,,,,,,,,,,,,,,,,,,,,,,,,,,,,
,,,,,,,,,,,,,,,,,,,,,,,,,,,,
,,,,,,,,,,,,,,,,,,,,,,,,,,,,
,,,,,,,,,,,,,,,,,,,,,,,,,,,,
,,,,,,,,,,,,,,,,,,,,,,,,,,,,
,,,,,,,,,,,,,,,,,,,,,,,,,,,,
,,,,,,,,,,,,,,,,,,,,,,,,,,,,
,,,,,,,,,,,,,,,,,,,,,,,,,,,,
,,,,,,,,,,,,,,,,,,,,,,,,,,,,
,,,,,,,,,,,,,,,,,,,,,,,,,,,,
,,,,,,,,,,,,,,,,,,,,,,,,,,,,
,,,,,,,,,,,,,,,,,,,,,,,,,,,,
,,,,,,,,,,,,,,,,,,,,,,,,,,,,
,,,,,,,,,,,,,,,,,,,,,,,,,,,,
,,,,,,,,,,,,,,,,,,,,,,,,,,,,
,,,,,,,,,,,,,,,,,,,,,,,,,,,,
,,,,,,,,,,,,,,,,,,,,,,,,,,,,
,,,,,,,,,,,,,,,,,,,,,,,,,,,,
,,,,,,,,,,,,,,,,,,,,,,,,,,,,
,,,,,,,,,,,,,,,,,,,,,,,,,,,,
,,,,,,,,,,,,,,,,,,,,,,,,,,,,
,,,,,,,,,,,,,,,,,,,,,,,,,,,,
,,,,,,,,,,,,,,,,,,,,,,,,,,,,
,,,,,,,,,,,,,,,,,,,,,,,,,,,,
,,,,,,,,,,,,,,,,,,,,,,,,,,,,
,,,,,,,,,,,,,,,,,,,,,,,,,,,,
,,,,,,,,,,,,,,,,,,,,,,,,,,,,
,,,,,,,,,,,,,,,,,,,,,,,,,,,,
,,,,,,,,,,,,,,,,,,,,,,,,,,,,
,,,,,,,,,,,,,,,,,,,,,,,,,,,,
,,,,,,,,,,,,,,,,,,,,,,,,,,,,
,,,,,,,,,,,,,,,,,,,,,,,,,,,,
,,,,,,,,,,,,,,,,,,,,,,,,,,,,
,,,,,,,,,,,,,,,,,,,,,,,,,,,,
,,,,,,,,,,,,,,,,,,,,,,,,,,,,
,,,,,,,,,,,,,,,,,,,,,,,,,,,,
,,,,,,,,,,,,,,,,,,,,,,,,,,,,
,,,,,,,,,,,,,,,,,,,,,,,,,,,,
,,,,,,,,,,,,,,,,,,,,,,,,,,,,
,,,,,,,,,,,,,,,,,,,,,,,,,,,,
,,,,,,,,,,,,,,,,,,,,,,,,,,,,
,,,,,,,,,,,,,,,,,,,,,,,,,,,,
,,,,,,,,,,,,,,,,,,,,,,,,,,,,
,,,,,,,,,,,,,,,,,,,,,,,,,,,,
,,,,,,,,,,,,,,,,,,,,,,,,,,,,
,,,,,,,,,,,,,,,,,,,,,,,,,,,,
,,,,,,,,,,,,,,,,,,,,,,,,,,,,
,,,,,,,,,,,,,,,,,,,,,,,,,,,,
,,,,,,,,,,,,,,,,,,,,,,,,,,,,
,,,,,,,,,,,,,,,,,,,,,,,,,,,,
,,,,,,,,,,,,,,,,,,,,,,,,,,,,
,,,,,,,,,,,,,,,,,,,,,,,,,,,,
,,,,,,,,,,,,,,,,,,,,,,,,,,,,
,,,,,,,,,,,,,,,,,,,,,,,,,,,,
,,,,,,,,,,,,,,,,,,,,,,,,,,,,
,,,,,,,,,,,,,,,,,,,,,,,,,,,,
,,,,,,,,,,,,,,,,,,,,,,,,,,,,
,,,,,,,,,,,,,,,,,,,,,,,,,,,,
,,,,,,,,,,,,,,,,,,,,,,,,,,,,
,,,,,,,,,,,,,,,,,,,,,,,,,,,,
,,,,,,,,,,,,,,,,,,,,,,,,,,,,
,,,,,,,,,,,,,,,,,,,,,,,,,,,,
,,,,,,,,,,,,,,,,,,,,,,,,,,,,
,,,,,,,,,,,,,,,,,,,,,,,,,,,,
,,,,,,,,,,,,,,,,,,,,,,,,,,,,
,,,,,,,,,,,,,,,,,,,,,,,,,,,,
,,,,,,,,,,,,,,,,,,,,,,,,,,,,
,,,,,,,,,,,,,,,,,,,,,,,,,,,,
,,,,,,,,,,,,,,,,,,,,,,,,,,,,
,,,,,,,,,,,,,,,,,,,,,,,,,,,,
,,,,,,,,,,,,,,,,,,,,,,,,,,,,
,,,,,,,,,,,,,,,,,,,,,,,,,,,,
,,,,,,,,,,,,,,,,,,,,,,,,,,,,
,,,,,,,,,,,,,,,,,,,,,,,,,,,,
,,,,,,,,,,,,,,,,,,,,,,,,,,,,
,,,,,,,,,,,,,,,,,,,,,,,,,,,,
,,,,,,,,,,,,,,,,,,,,,,,,,,,,
,,,,,,,,,,,,,,,,,,,,,,,,,,,,
,,,,,,,,,,,,,,,,,,,,,,,,,,,,
,,,,,,,,,,,,,,,,,,,,,,,,,,,,
,,,,,,,,,,,,,,,,,,,,,,,,,,,,
,,,,,,,,,,,,,,,,,,,,,,,,,,,,
,,,,,,,,,,,,,,,,,,,,,,,,,,,,
,,,,,,,,,,,,,,,,,,,,,,,,,,,,
,,,,,,,,,,,,,,,,,,,,,,,,,,,,
,,,,,,,,,,,,,,,,,,,,,,,,,,,,
,,,,,,,,,,,,,,,,,,,,,,,,,,,,
,,,,,,,,,,,,,,,,,,,,,,,,,,,,
,,,,,,,,,,,,,,,,,,,,,,,,,,,,
,,,,,,,,,,,,,,,,,,,,,,,,,,,,
,,,,,,,,,,,,,,,,,,,,,,,,,,,,
,,,,,,,,,,,,,,,,,,,,,,,,,,,,
,,,,,,,,,,,,,,,,,,,,,,,,,,,,
,,,,,,,,,,,,,,,,,,,,,,,,,,,,
,,,,,,,,,,,,,,,,,,,,,,,,,,,,
,,,,,,,,,,,,,,,,,,,,,,,,,,,,
,,,,,,,,,,,,,,,,,,,,,,,,,,,,
,,,,,,,,,,,,,,,,,,,,,,,,,,,,
,,,,,,,,,,,,,,,,,,,,,,,,,,,,
,,,,,,,,,,,,,,,,,,,,,,,,,,,,
,,,,,,,,,,,,,,,,,,,,,,,,,,,,
,,,,,,,,,,,,,,,,,,,,,,,,,,,,
,,,,,,,,,,,,,,,,,,,,,,,,,,,,
,,,,,,,,,,,,,,,,,,,,,,,,,,,,
,,,,,,,,,,,,,,,,,,,,,,,,,,,,
,,,,,,,,,,,,,,,,,,,,,,,,,,,,
,,,,,,,,,,,,,,,,,,,,,,,,,,,,
,,,,,,,,,,,,,,,,,,,,,,,,,,,,
,,,,,,,,,,,,,,,,,,,,,,,,,,,,
,,,,,,,,,,,,,,,,,,,,,,,,,,,,
,,,,,,,,,,,,,,,,,,,,,,,,,,,,
,,,,,,,,,,,,,,,,,,,,,,,,,,,,
,,,,,,,,,,,,,,,,,,,,,,,,,,,,
,,,,,,,,,,,,,,,,,,,,,,,,,,,,
,,,,,,,,,,,,,,,,,,,,,,,,,,,,
,,,,,,,,,,,,,,,,,,,,,,,,,,,,
,,,,,,,,,,,,,,,,,,,,,,,,,,,,
,,,,,,,,,,,,,,,,,,,,,,,,,,,,
,,,,,,,,,,,,,,,,,,,,,,,,,,,,
,,,,,,,,,,,,,,,,,,,,,,,,,,,,
,,,,,,,,,,,,,,,,,,,,,,,,,,,,
,,,,,,,,,,,,,,,,,,,,,,,,,,,,
,,,,,,,,,,,,,,,,,,,,,,,,,,,,
,,,,,,,,,,,,,,,,,,,,,,,,,,,,
,,,,,,,,,,,,,,,,,,,,,,,,,,,,
,,,,,,,,,,,,,,,,,,,,,,,,,,,,
,,,,,,,,,,,,,,,,,,,,,,,,,,,,
,,,,,,,,,,,,,,,,,,,,,,,,,,,,
,,,,,,,,,,,,,,,,,,,,,,,,,,,,
,,,,,,,,,,,,,,,,,,,,,,,,,,,,
,,,,,,,,,,,,,,,,,,,,,,,,,,,,
,,,,,,,,,,,,,,,,,,,,,,,,,,,,
,,,,,,,,,,,,,,,,,,,,,,,,,,,,
,,,,,,,,,,,,,,,,,,,,,,,,,,,,
,,,,,,,,,,,,,,,,,,,,,,,,,,,,
,,,,,,,,,,,,,,,,,,,,,,,,,,,,
,,,,,,,,,,,,,,,,,,,,,,,,,,,,
,,,,,,,,,,,,,,,,,,,,,,,,,,,,
,,,,,,,,,,,,,,,,,,,,,,,,,,,,
,,,,,,,,,,,,,,,,,,,,,,,,,,,,
,,,,,,,,,,,,,,,,,,,,,,,,,,,,
,,,,,,,,,,,,,,,,,,,,,,,,,,,,
,,,,,,,,,,,,,,,,,,,,,,,,,,,,
,,,,,,,,,,,,,,,,,,,,,,,,,,,,
,,,,,,,,,,,,,,,,,,,,,,,,,,,,
,,,,,,,,,,,,,,,,,,,,,,,,,,,,
,,,,,,,,,,,,,,,,,,,,,,,,,,,,
,,,,,,,,,,,,,,,,,,,,,,,,,,,,
,,,,,,,,,,,,,,,,,,,,,,,,,,,,
,,,,,,,,,,,,,,,,,,,,,,,,,,,,
,,,,,,,,,,,,,,,,,,,,,,,,,,,,
,,,,,,,,,,,,,,,,,,,,,,,,,,,,
,,,,,,,,,,,,,,,,,,,,,,,,,,,,
,,,,,,,,,,,,,,,,,,,,,,,,,,,,
,,,,,,,,,,,,,,,,,,,,,,,,,,,,
,,,,,,,,,,,,,,,,,,,,,,,,,,,,
,,,,,,,,,,,,,,,,,,,,,,,,,,,,
,,,,,,,,,,,,,,,,,,,,,,,,,,,,
,,,,,,,,,,,,,,,,,,,,,,,,,,,,
,,,,,,,,,,,,,,,,,,,,,,,,,,,,
,,,,,,,,,,,,,,,,,,,,,,,,,,,,
,,,,,,,,,,,,,,,,,,,,,,,,,,,,
,,,,,,,,,,,,,,,,,,,,,,,,,,,,
,,,,,,,,,,,,,,,,,,,,,,,,,,,,
,,,,,,,,,,,,,,,,,,,,,,,,,,,,
,,,,,,,,,,,,,,,,,,,,,,,,,,,,
,,,,,,,,,,,,,,,,,,,,,,,,,,,,
,,,,,,,,,,,,,,,,,,,,,,,,,,,,
,,,,,,,,,,,,,,,,,,,,,,,,,,,,
,,,,,,,,,,,,,,,,,,,,,,,,,,,,
,,,,,,,,,,,,,,,,,,,,,,,,,,,,
,,,,,,,,,,,,,,,,,,,,,,,,,,,,
,,,,,,,,,,,,,,,,,,,,,,,,,,,,
,,,,,,,,,,,,,,,,,,,,,,,,,,,,
,,,,,,,,,,,,,,,,,,,,,,,,,,,,
,,,,,,,,,,,,,,,,,,,,,,,,,,,,
,,,,,,,,,,,,,,,,,,,,,,,,,,,,
,,,,,,,,,,,,,,,,,,,,,,,,,,,,
,,,,,,,,,,,,,,,,,,,,,,,,,,,,
,,,,,,,,,,,,,,,,,,,,,,,,,,,,
,,,,,,,,,,,,,,,,,,,,,,,,,,,,
,,,,,,,,,,,,,,,,,,,,,,,,,,,,
,,,,,,,,,,,,,,,,,,,,,,,,,,,,
,,,,,,,,,,,,,,,,,,,,,,,,,,,,
,,,,,,,,,,,,,,,,,,,,,,,,,,,,
,,,,,,,,,,,,,,,,,,,,,,,,,,,,
,,,,,,,,,,,,,,,,,,,,,,,,,,,,
,,,,,,,,,,,,,,,,,,,,,,,,,,,,
,,,,,,,,,,,,,,,,,,,,,,,,,,,,
,,,,,,,,,,,,,,,,,,,,,,,,,,,,
,,,,,,,,,,,,,,,,,,,,,,,,,,,,
,,,,,,,,,,,,,,,,,,,,,,,,,,,,
,,,,,,,,,,,,,,,,,,,,,,,,,,,,
,,,,,,,,,,,,,,,,,,,,,,,,,,,,
,,,,,,,,,,,,,,,,,,,,,,,,,,,,
,,,,,,,,,,,,,,,,,,,,,,,,,,,,
,,,,,,,,,,,,,,,,,,,,,,,,,,,,
,,,,,,,,,,,,,,,,,,,,,,,,,,,,
,,,,,,,,,,,,,,,,,,,,,,,,,,,,
,,,,,,,,,,,,,,,,,,,,,,,,,,,,
,,,,,,,,,,,,,,,,,,,,,,,,,,,,
,,,,,,,,,,,,,,,,,,,,,,,,,,,,
,,,,,,,,,,,,,,,,,,,,,,,,,,,,
,,,,,,,,,,,,,,,,,,,,,,,,,,,,
,,,,,,,,,,,,,,,,,,,,,,,,,,,,
,,,,,,,,,,,,,,,,,,,,,,,,,,,,
,,,,,,,,,,,,,,,,,,,,,,,,,,,,
,,,,,,,,,,,,,,,,,,,,,,,,,,,,
,,,,,,,,,,,,,,,,,,,,,,,,,,,,
,,,,,,,,,,,,,,,,,,,,,,,,,,,,
,,,,,,,,,,,,,,,,,,,,,,,,,,,,
,,,,,,,,,,,,,,,,,,,,,,,,,,,,
,,,,,,,,,,,,,,,,,,,,,,,,,,,,
,,,,,,,,,,,,,,,,,,,,,,,,,,,,
,,,,,,,,,,,,,,,,,,,,,,,,,,,,
,,,,,,,,,,,,,,,,,,,,,,,,,,,,
,,,,,,,,,,,,,,,,,,,,,,,,,,,,
,,,,,,,,,,,,,,,,,,,,,,,,,,,,
,,,,,,,,,,,,,,,,,,,,,,,,,,,,
,,,,,,,,,,,,,,,,,,,,,,,,,,,,
,,,,,,,,,,,,,,,,,,,,,,,,,,,,
,,,,,,,,,,,,,,,,,,,,,,,,,,,,
,,,,,,,,,,,,,,,,,,,,,,,,,,,,
,,,,,,,,,,,,,,,,,,,,,,,,,,,,
,,,,,,,,,,,,,,,,,,,,,,,,,,,,
,,,,,,,,,,,,,,,,,,,,,,,,,,,,
,,,,,,,,,,,,,,,,,,,,,,,,,,,,
