school,college,department,track,deadline,quota,assessment_weights,other_req,docs_required,interview_required,written_exam_required,link_apply,note,,,,,,,,,,,,,
國立政治大學,外國語文學院,中國文學系,,2025/10/14,9,,,"1. 自傳(一千字以內)。
2. 學士班學業成績總平均排名證明及操行成績證明(至少一份正本)。
3. 學士班歷年成績單總表(至少一份正本)。
4. 研究計畫與學術代表作：研究計畫之題目、內容,不得與學術代表作及
已獲補助之研究計畫相同。
5. 其他有利審查資料：如已獲補助之研究計畫及其證明、參與研究計畫證
明、參加學術或藝文活動證明、研究報告或成果等,足以顯示具學術研
究潛力之資料。",,,"https://www.nccu.edu.tw/p/406-1000-20476,r123.php?Lang=zh-tw",,,,,,,,,,,,,,
國立政治大學,外國語文學院,歷史學系,,2025/10/14,7,,,"1. 自傳。
2. 學業成績總平均排名證明。
3. 歷年成績單總表(需加蓋學校校印或教務處章戳)。
4. 研究計畫。
5. 其他有利審查資料：如已出版之正式學術論文、未出版專題報告、獲補
助研究計畫之證明、歷史相關競賽之得獎證明。
6. 教師推薦函 1 份。",,,"https://www.nccu.edu.tw/p/406-1000-20476,r123.php?Lang=zh-tw",,,,,,,,,,,,,,
國立政治大學,外國語文學院,哲學系,,2025/10/14,6,,,"1. 自傳(一千字以內)。
2. 學歷證明文件(畢業生請附畢業證書影本,應屆畢業生請附在學證明)。
3. 歷年成績單總表(需加蓋校印或教務處章戳)。
4. 研究計畫(需包含研究主題、研究動機與目的、文獻探討、研究方法、
參考文獻)。
5. 其他有利審查資料：如研究報告或學術作品等。",,,https://www.nccu.edu.tw/p/406-1000-20476，r123.php?Lang=zh-tw,,,,,,,,,,,,,,
國立政治大學,外國語文學院,圖書資訊與檔案學研究所,圖書資訊學組,2025/10/14,8,,,"1. 自傳(含生涯規劃及學習計畫)。
2. 研究計畫或讀書計畫。
3. 歷年成績單總表(大學應屆畢業生需加附學業成績總平均排名證明)。
4. 其他有利審查資料：例如專題研究成果、個人作品、小論文、設計系統、設計網頁、社團參與等。",,,"https://www.nccu.edu.tw/p/406-1000-20476,r123.php?Lang=zh-tw",,,,,,,,,,,,,,
國立政治大學,外國語文學院,圖書資訊與檔案學研究所,檔案學組,2025/10/14,4,,,"1. 自傳(含生涯規劃及學習計畫)。
2. 研究計畫或讀書計畫。
3. 歷年成績單總表(大學應屆畢業生需加附學業成績總平均排名證明)。
4. 其他有利審查資料：例如專題研究成果、個人作品、小論文、設計系統、設計網頁、社團參與等。",,,"https://www.nccu.edu.tw/p/406-1000-20476,r123.php?Lang=zh-tw",,,,,,,,,,,,,,
國立政治大學,外國語文學院,宗教研究所,,2025/10/14,3,,,"1. 自傳(內含履歷表)。
2. 學歷證明文件(畢業生請附畢業證書影本，應屆畢業生免繳，符合同等
學力者附在校學業成績證明或證明文件)。
3. 研究計畫。
4. 成績單總表暨排名證明(需加蓋學校校印或教務處章戳)。
5. 其他有利審查資料：如研究報告、學術作品等。
6. 推薦信 2 份。",,,"https://www.nccu.edu.tw/p/406-1000-20476,r123.php?Lang=zh-tw",,,,,,,,,,,,,,
國立政治大學,外國語文學院,台灣史研究所,,2025/10/14,7,,,"1. 自傳。
2. 歷年成績單總表(含學業成績總平均排名證明)。持研究所學歷者，可免附排名證明，惟需同時附大學及研究所成績單總表。
3. 研究計畫。
4. 其他有利審查資料：如參與研究計畫證明、參加學術研習活動證明、研
究報告或學術論文等，足以顯示具學術研究潛力之資料。",,,"https://www.nccu.edu.tw/p/406-1000-20476,r123.php?Lang=zh-tw",,,,,,,,,,,,,,
國立政治大學,外國語文學院,台灣文學研究所,,2025/10/14,5,,,"1. 自傳。
2. 學業成績總平均排名證明。
3. 歷年成績單總表。
4. 研究計畫。
5. 其他有利審查資料：若有參與研究計畫證明、參加學術研習活動證明、研究報告或學術論文等，足以顯示具學術研究潛力之資料，可一併附上；若無則免。",,,"https://www.nccu.edu.tw/p/406-1000-20476,r123.php?Lang=zh-tw",,,,,,,,,,,,,,
國立政治大學,外國語文學院,華語文教學碩士學位學程,,2025/10/14,9,,,"1. 自傳(中文撰寫)。
2. 歷年成績單總表。
3. 研究計畫(中文撰寫，含未來研究方向)。
4. 其他有利審查資料：如語文檢定證明、學術著作、專題報告、國際實習經驗等。無則免附。",,,"https://www.nccu.edu.tw/p/406-1000-20476,r123.php?Lang=zh-tw",,,,,,,,,,,,,,
國立政治大學,教育學院,教育學系,,2025/10/14,5,,,"1. 考生基本資料表(請至本系網頁下載使用)。
2. 學業成績單。
3. 其他有利審查資料：如教師證書、語文檢定證明、著作發表、學術成就、大專生參加國科會專題研究獲選案、擔任教授的助理、特殊專長能力、領導經驗、資訊能力、作品集、志工經驗、教學實務經驗、或其他足以代表傑出表現的各項得獎證明等，無則免附。",,,"https://www.nccu.edu.tw/p/406-1000-20476,r123.php?Lang=zh-tw",,,,,,,,,,,,,,
國立政治大學,教育學院,幼兒教育研究所,,2025/10/14,8,,,"1. 考生基本資料表(請於本所網站下載)。
2. 學業成績單。
3. 其他有利審查資料：語文檢定證明、教師證書、研究發表或獲獎、相關工作經驗、資訊能力或其他傑出表現等，無則免附。",,,"https://www.nccu.edu.tw/p/406-1000-20476,r123.php?Lang=zh-tw",,,,,,,,,,,,,,
國立政治大學,教育學院,教育行政與政策研究所,,2025/10/14,7,,,"1. 考生基本資料表(請至本所網頁下載使用)。
2. 學業成績單。
3. 其他有利審查資料(無則免附)。",,,"https：//www.nccu.edu.tw/p/406-1000-20476,r123.php?Lang=zh-tw",,,,,,,,,,,,,,
國立政治大學,教育學院,輔導與諮商碩士學位學程,,2025/10/14,5,,,"1. 考生資料表:請至本學程網站下載填寫。
2. 研究計畫:以 10 頁為限。
3. 學歷證明文件(最高學歷畢業證書，應屆畢業生，請附已蓋註冊章戳之學生證或在學證明)。
4. 學業成績證明:歷年成績單總表及學業成績總平均排名證明，持研究所或境外學歷者，得免附排名證明。
5. 其他有利審查資料:如已獲補助之研究計劃、參與研究、著作發表、學術成就、輔導實務經驗、外語檢定考試或其他傑出表現及得獎證明等。",,,"https：//www.nccu.edu.tw/p/406-1000-20476,r123.php?Lang=zh-tw",,,,,,,,,,,,,,
國立政治大學,社會科學學院,政治學系,,2025/10/14,9,,,"1. 自傳。
2. 歷年成績單總表(需加蓋學校校印或教務處章戳)。
3. 研究計畫(含生涯規劃及學習計畫)。
4. 其他有利審查資料(至少一件)：如學術著作、研究報告或成果等。
5. 推薦信 2 份。",,,"https://www.nccu.edu.tw/p/406-1000-20476,r123.php?Lang=zh-tw",,,,,,,,,,,,,,
國立政治大學,社會科學學院,社會學系,,2025/10/14,12,,,"1. 考生基本資料表(請至本系網頁點選招生資訊/碩士班下載)。
2. 研究計畫。
3. 自傳。
4. 歷年成績單總表(持研究所學歷者,需同時附大學及研究所成績單總表)。
5. 其他有利審查資料：如社團經歷、工作經驗、語言成績、全國性比賽獲獎
證書等。",,,"https://www.nccu.edu.tw/p/406-1000-20476,r123.php?Lang=zh-tw",,,,,,,,,,,,,,
國立政治大學,社會科學學院,財政學系,,2025/10/14,18,,,"1. 學業成績總平均排名證明。 
2. 歷年成績單總表。 
3. 自傳。 
4. 讀書計畫:包含進修動機、研究興趣及生涯發展規劃等。 
5. 其他有利審查資料:如國科會暑期專題計畫、學術著作、獎學金證明、 GRE 或 TOEFL 成績、研究報告等。",,,"https://www.nccu.edu.tw/p/406-1000-20476,r123.php?Lang=zh-tw",,,,,,,,,,,,,,
國立政治大學,社會科學學院,公共行政學系,,2025/10/14,12,,,"1. 考生基本資料表(表格請至公行系網頁「最新消息」下載)。
2. 學業成績總平均排名證明。
3. 歷年成績單總表。
4. 英語能力檢定證明(如 TOEIC、TOEFL、全民英檢、IELTS、CSEPT)。
5. 國科會大專學生專題研究計畫(無則免附)。
6. 研究計畫:為報考本次考試所撰寫之學術性研究計畫,內容不得與「學
術論著」重複並至少包括: (1)研究主題 (2)研究動機與目的 (3)研究範
圍與內容 (4)研究方法 (5)參考文獻。
7. 其他有利審查資料:如學術期刊文章、學術研討會文章、公共事務參與、
公益服務、國際交換生經驗、國外遊學經驗、實習經驗等資料及證明文
件。
※請依考生基本資料表內所列順序依序合併裝訂成冊,共一式三份。",,,"https://www.nccu.edu.tw/p/406-1000-20476,r123.php?Lang=zh-tw",,,,,,,,,,,,,,
國立政治大學,社會科學學院,公共行政學系,,2025/10/14,2,,,"1. 考生基本資料表(表格請至公行系網頁「最新消息」下載)。
2. 歷年成績單總表。
3. 英語能力檢定證明(如 TOEIC、TOEFL、全民英檢、IELTS、CSEPT)。
4. 國科會大專學生專題研究計畫(無則免附)。
5. 研究計畫:為報考本次考試所撰寫之學術性研究計畫,內容不得與「學
術論著」重複並至少包括:(1)研究主題 (2)研究動機與目的 (3)研究範圍
與內容 (4)研究方法 (5)參考文獻。
6. 其他有利審查資料:如學術期刊文章、學術研討會文章、公共事務參與、
公益服務、個人專業工作成就等資料及證明文件。
7. 服務機關同意報考證明書(表格請至本系網頁「最新消息」下載)。
※請依考生基本資料表內所列順序依序合併裝訂成冊,共一式三份(第 7 項
請提供正本一份及影本二份)。",,,"https://www.nccu.edu.tw/p/406-1000-20476,r123.php?Lang=zh-tw",,,,,,,,,,,,,,
國立政治大學,社會科學學院,地政學系,,2025/10/14,15,,,"1. 考生基本資料表(表格請至本系網頁下載,請繕打資料,並插入親筆簽名
之掃描檔案後,轉檔上傳)。
2. 研究計畫。
3. 學業成績總平均排名證明。
4. 歷年成績單總表。
5. 其他有利審查資料:如已發表之學術著作、社團經驗、工作經驗、語言成
績、全國性比賽獲獎證明書或特殊服務證明等。
※檔案請以 A4 格式製作,並將相關資料掃描或編輯製作成 PDF 檔案上傳。",,,"https://www.nccu.edu.tw/p/406-1000-20476,r123.php?Lang=zh-tw",,,,,,,,,,,,,,
國立政治大學,社會科學學院,經濟學系,,2025/10/14,20,,,"1. 考生基本資料表(請至本系網頁下載使用)。
2. 學業成績總平均排名證明。
3. 歷年成績單總表。
4. 研究計畫。
5. 其他有利審查資料:如正式發表的論文著作、國科會大專學生研究計畫
報告、外語檢定證明等。
6. 推薦信 2 份(請至本系網頁下載使用)。
※第 1 至 5 項資料請考生自行上傳;第 6 項資料由推薦人上傳,上傳程序
請詳簡章第 7 頁。",,,"https://www.nccu.edu.tw/p/406-1000-20476,r123.php?Lang=zh-tw",,,,,,,,,,,,,,
國立政治大學,社會科學學院,民族學系,,2025/10/14,3,,,"1. 自傳。
2. 學業成績總平均排名證明(非應屆畢業生免附)。
3. 歷年成績單總表。
4. 研究計畫。
5. 學士班畢業生或同等學力應試者,若具有民族事務相關工作經驗(含偏
遠地區教師),或對民族有研究曾發表論文尤佳。
6. 其他有利審查資料:正式發表的著作及論文、田野工作證明、研究助理
證明、民族事務服務證明、少數民族語文能力證明等。
※請依序將第 1 至 6 項資料合併裝訂成冊,共一式五份(第 2 至 3 項請提
供正本一份及影本四份)。",,,"https://www.nccu.edu.tw/p/406-1000-20476,r123.php?Lang=zh-tw",,,,,,,,,,,,,,
國立政治大學,社會科學學院,國家發展研究所,,2025/10/14,5,,,"1. 自傳。
2. 學業成績總平均排名證明(大學成績)。
3. 歷年成績單總表(大學以上)。
4. 研究計畫(含生涯規劃及學習計畫)。
5. 其他有利審查資料:如學術著作、社團經歷、志工經驗、語言成績、獎學
金證明等個人能力或成就之證明文件。
6. 推薦信 2 份(二位推薦人)。
※第 1 至 5 項資料請考生自行上傳;第 6 項資料由推薦人上傳,上傳程序
請詳簡章第 7 頁。",,,"https://www.nccu.edu.tw/p/406-1000-20476,r123.php?Lang=zh-tw",,,,,,,,,,,,,,
國立政治大學,社會科學學院,國家發展研究所,,2025/10/14,1,,,"1. 自傳(含個人簡歷、就學、工作經歷)。
2. 歷年成績單總表(大學以上)。
3. 研究計畫(含生涯規劃及學習計畫)。
4. 其他有利審查資料:如學術著作、社團經歷、志工經驗、語言成績、獎學
金證明等個人能力或成就之證明文件。
5. 其他:服務機關同意報考證明書(格式請至本所網頁下載)及有效工作
年資證明。
6. 推薦信 2 份(二位推薦人)。
※第 1 至 5 項資料請考生自行上傳;第 6 項資料由推薦人上傳,上傳程序
請詳簡章第 7 頁。",,,"https://www.nccu.edu.tw/p/406-1000-20476,r123.php?Lang=zh-tw",,,,,,,,,,,,,,
國立政治大學,社會科學學院,勞工研究所,,2025/10/14,5,,,"1. 自傳。
2. 歷年成績單總表(最高學歷),如持研究所學歷者,需同時附大專及研究
所成績單總表。
3. 研究計畫(含生涯規劃及學習計畫)。
4. 其他有利審查資料:如參與研究計畫、修習相關學程(學分、課程)、獎
學金證明、語文能力證明、學術著作、研究報告或成果、社團經驗、工
作經驗等。
※請依序將第 1 至 4 項資料合併裝訂成冊,共一式五份(第 2 項請提供正
本一份及影本四份)。",,,"https://www.nccu.edu.tw/p/406-1000-20476,r123.php?Lang=zh-tw",,,,,,,,,,,,,,
國立政治大學,社會科學學院,勞工研究所,,2025/10/14,2,,,"1. 考生基本資料表(請至本所網頁下載)。
2. 自傳。
3. 研究計畫(含生涯規劃及學習計畫)。
4. 其他有利審查資料:如參與研究計畫、修習相關學程(學分、課程)、獎
學金證明、語文能力證明、學術著作、研究報告或成果、社團經驗、工
作經驗等。
5. 學歷證明文件(應考學歷或最高學歷畢業證書,應屆畢業生請檢附在學
證明)。
6. 服務機關同意報考證明書(表格請至本所網頁下載;現職未滿兩年者,
請另繳交足以證明工作年資之文件,如公、勞保投保年資證明)。
7. 推薦信一份(一位推薦人)。
※請依序將第 1 至 6 項資料合併裝訂成冊,共一式五份(第 6 項請提供正
本一份及影本四份),推薦信另附。",,,"https://www.nccu.edu.tw/p/406-1000-20476,r123.php?Lang=zh-tw",,,,,,,,,,,,,,
國立政治大學,社會科學學院,社會工作研究所,,2025/10/14,6,,,"1. 自傳。
2. 研究計畫:包含研究動機、文獻探討及研究方法,字數以五千至一萬字為
限。
3. 歷年成績單。
4. 其他有利審查資料:如社團經歷、工作經驗、語言成績、全國性比賽獲獎
證書等。",,,"https://www.nccu.edu.tw/p/406-1000-20476,r123.php?Lang=zh-tw",,,,,,,,,,,,,,
國立政治大學,社會科學學院,社會工作研究所,甲組,2025/10/14,2,,,"1. 自傳。
2. 研究計畫:包含研究動機、文獻探討及研究方法,字數以五千至一萬字為
限。
3. 歷年成績單。
4. 其他有利審查資料:如工作經驗、證照、獲獎記錄、語言成績、研究報告
等個人能力或成就之證明。
5. 在職證明及年資證明。
6. 推薦信 2 份。
※第 1 至 5 項資料請考生自行上傳;第 6 項資料由推薦人上傳,上傳程序
請詳簡章第 7 頁。",,,"https://www.nccu.edu.tw/p/406-1000-20476,r123.php?Lang=zh-tw",,,,,,,,,,,,,,
國立政治大學,社會科學學院,社會工作研究所,乙組（原住民）,2025/10/14,1,,,"1. 自傳(含戶口名簿)。
2. 研究計畫:包含研究動機、文獻探討及研究方法,字數以五千至一萬字為
限。
3. 歷年成績單。
4. 其他有利審查資料:如工作經驗、證照、獲獎記錄、語言成績、研究報告
等個人能力或成就之證明。
5. 在職證明及年資證明。
6. 推薦信 2 份。
※第 1 至 5 項資料請考生自行上傳;第 6 項資料由推薦人上傳,上傳程序
請詳簡章第 7 頁。",,,"https://www.nccu.edu.tw/p/406-1000-20476,r123.php?Lang=zh-tw",,,,,,,,,,,,,,
國立政治大學,國際事務學院,外交學系,,2025/10/14,13,,,"1. 學業成績證明:歷年成績單總表及學業成績總平均排名證明。
2. 讀書計畫(含研究領域及興趣)。
3. 自傳。
4. 其他有利審查資料:如外語優異表現或其他成就證明。
5. 推薦信 2 份(二位推薦人,推薦信請彌封簽名)。
※請依序將第 1 至 4 項資料合併裝訂成冊,共一式五份(第 1 項請提供正
本一份及影本四份),推薦信另附。推薦信及審查資料本系無既定格式。",,,"https://www.nccu.edu.tw/p/406-1000-20476,r123.php?Lang=zh-tw",,,,,,,,,,,,,,
國立政治大學,國際事務學院,東亞研究所,,2025/10/14,8,,,"1. 自傳。
2. 學業成績總平均排名證明。
3. 歷年成績單總表。
4. 研究計畫(含生涯規劃及學習計畫)。
5. 其他有利審查資料:如學術著作、研究報告或成果等。
6. 推薦信 2 份(二位推薦人)。
※請依序將第 1 至 5 項資料合併裝訂成冊,共一式四份(第 2 至 3 項請提
供正本一份及影本三份),推薦信另附。",,,"https://www.nccu.edu.tw/p/406-1000-20476,r123.php?Lang=zh-tw",,,,,,,,,,,,,,
國立政治大學,國際事務學院,俄羅斯研究所,,2025/10/14,6,,,"1. 歷年成績單總表(須加蓋學校校印或教務處章戳)。
2. 學業成績總平均排名證明。
3. 自傳(含生涯規劃及學習計畫)。
4. 俄語或其他外語能力證明(檢定證書或修課證明等)。
5. 其他有利審查資料(無則免附)。",,,"https://www.nccu.edu.tw/p/406-1000-20476,r123.php?Lang=zh-tw",,,,,,,,,,,,,,
國立政治大學,國際事務學院,日本研究碩士學位學程,,2025/10/14,6,,,"1. 歷年成績單總表(大學在校成績)。
2. 自傳(中文撰寫)。
3. 研究計畫(中文撰寫)。
4. 其他有利審查資料(包含但不限於特定報考資格所列證書影本)。
5. 推薦信 2 份(二位推薦人)。
※請依序將第 1 至 4 項資料合併裝訂成冊,共一式五份(第 1 項請提供正
本一份及影本四份),推薦信另附,試後恕不退還。",,,"https://www.nccu.edu.tw/p/406-1000-20476,r123.php?Lang=zh-tw",,,,,,,,,,,,,,
國立政治大學,商學院,國際經營與貿易學系,,2025/10/14,24,,,"1. 考生基本資料表(限一頁,請至國貿系網頁/招生資訊/碩士班區下載,請
簽名後掃描上傳)。
2. 自傳。
3. 學習計畫。
4. 大學時期能力或成就證明(如語文成績、獲獎記錄、特殊經歷等,可縮
印)。
5. 成績單總表暨排名證明(請以正本上傳,勿加密)。
6. 推薦信 2 份(二位推薦人,推薦信格式請至國貿系網頁/招生資訊/碩士班
區參考)。
※第 2~4 項頁數合計至多 5 頁,勿做封面及目次。
※資料上傳請勿顛倒。
※第 1-5 項資料請考生自行上傳,第 6 項資料由推薦人上傳;上傳程序請詳
簡章第 7 頁。",,,"https://www.nccu.edu.tw/p/406-1000-20476,r123.php?Lang=zh-tw",,,,,,,,,,,,,,
國立政治大學,商學院,金融學系,金融管理組,2025/10/14,11,,,"1. 考生基本資料表（請至本系網頁下載，填寫後掃描上傳）。 
2. 歷年成績單以及排名（請以正本掃描上傳）。 
3. 自傳暨讀書計畫（詳述個人選擇至本系碩士班進修之動機、未來志趣及 自我能力評估等）。
4. 其他有利審查資料（不含推薦信），無則免附。",,,"https://www.nccu.edu.tw/p/406-1000-20476,r123.php?Lang=zh-tw",,,,,,,,,,,,,,
國立政治大學,商學院,金融學系,財務工程與金融科技組,2025/10/14,9,,,"1. 考生基本資料表（請至本系網頁下載，填寫後掃描上傳）。 
2. 歷年成績單以及排名（請以正本掃描上傳）。 
3. 自傳暨讀書計畫（詳述個人選擇至本系碩士班進修之動機、未來志趣及 自我能力評估等）。 
4. 其他有利審查資料（不含推薦信），無則免附。",,,"https://www.nccu.edu.tw/p/406-1000-20476,r123.php?Lang=zh-tw",,,,,,,,,,,,,,
國立政治大學,商學院,會計學系,會計甲組,2025/10/14,23,,,"1.考生基本資料表（請至本系網頁下載，親筆填寫後掃描上傳）。 
2.自傳暨讀書計畫（詳述個人選擇至本系碩士班進修之動機、未來志趣及自 我能力評估等）。 
3.歷年成績單暨排名證明（請以正本掃描上傳；具全職工作經驗兩年以上年 資者，可免附排名證明）。 
4.語言能力檢定證明（考生於報考時應繳交兩年內，即2023年10月以後有 效之英語檢定測驗成績證明，僅限TOEFL-iBT、TOEIC、IELTS或全民英 檢成績。若考生有其他外國語言之檢定測驗成績證明，亦可一併繳交，以 供參考。具全職工作經驗兩年以上年資者，可免附本項資料）。 
5.其他有利審查資料（本系不收推薦信）。",,,"https://www.nccu.edu.tw/p/406-1000-20476,r123.php?Lang=zh-tw",,,,,,,,,,,,,,
國立政治大學,商學院,會計學系,會計乙組,2025/10/14,2,,,"1.考生基本資料表（請至本系網頁下載，親筆填寫後掃描上傳）。 
2.自傳暨讀書計畫（詳述個人選擇至本系碩士班進修之動機、未來志趣及自
我能力評估等）。 
3.歷年成績單暨排名證明（請以正本掃描上傳；具全職工作經驗兩年以上年
資者，可免附排名證明）。 
4.語言能力檢定證明（考生於報考時應繳交兩年內，即2023年10月以後有
效之英語檢定測驗成績證明，僅限TOEFL-iBT、TOEIC、IELTS或全民英
檢成績。若考生有其他外國語言之檢定測驗成績證明，亦可一併繳交，以
供參考。具全職工作經驗兩年以上年資者，可免附本項資料）。 
5.其他有利審查資料（本系不收推薦信）。",,,"https://www.nccu.edu.tw/p/406-1000-20476,r123.php?Lang=zh-tw",,,,,,,,,,,,,,
國立政治大學,商學院,會計學系,稅務組,2025/10/14,14,,,"1.考生基本資料表（請至本系網頁下載，親筆填寫後掃描上傳）。 
2.自傳暨讀書計畫（詳述個人選擇至本系碩士班進修之動機、未來志趣及自
我能力評估等）。 
3.歷年成績單暨排名證明（請以正本掃描上傳；具全職工作經驗兩年以上年
資者，可免附排名證明）。 
4.語言能力檢定證明（考生於報考時應繳交兩年內，即2023年10月以後有
效之英語檢定測驗成績證明，僅限TOEFL-iBT、TOEIC、IELTS或全民英
檢成績。若考生有其他外國語言之檢定測驗成績證明，亦可一併繳交，以
供參考。具全職工作經驗兩年以上年資者，可免附本項資料）。 
5.其他有利審查資料（本系不收推薦信）。",,,"https://www.nccu.edu.tw/p/406-1000-20476,r123.php?Lang=zh-tw",,,,,,,,,,,,,,
國立政治大學,商學院,統計學系,一般生組,2025/10/14,15,,,"1. 自傳。 
2. 學業成績總平均排名證明（需加蓋學校校印或教務處章戳；若成績單總
表有列示排名者，不用另附排名正本）。 
3. 歷年成績單總表（需加蓋學校校印或教務處章戳）。 
4. 其他有利審查資料（不含推薦信）。",,,"https://www.nccu.edu.tw/p/406-1000-20476,r123.php?Lang=zh-tw",,,,,,,,,,,,,,
國立政治大學,商學院,統計學系,在職生組,2025/10/14,1,,,"1. 自傳（含個人簡歷、就學、工作經歷）。 
2. 學業成績總平均排名證明（需加蓋學校校印或教務處章戳；若成績單總
表有列示排名者，不用另附排名正本）。 
3. 歷年成績單總表（需加蓋學校校印或教務處章戳）。 
4. 其他有利審查資料（不含推薦信）。 
5. 在職證明書或服務機關同意報考證明書（表格請至本系網頁「招生訊息」
下載）。 
6. 工作年資證明（若第5項證明書已涵蓋工作年資，不用另附）",,,"https://www.nccu.edu.tw/p/406-1000-20476,r123.php?Lang=zh-tw",,,,,,,,,,,,,,
國立政治大學,商學院,資訊管理學系,資管組 ,2025/10/14,18,,,"1. 考生基本資料表（請至本系網頁招生資訊/碩士班下載並填寫，最後一頁
需親筆簽名後掃描上傳）。 
2. 重要經歷與成就證明文件（本項目內容限基本資料表所列之相關證明文
件）。 
3. 專長能力證明文件（本項目內容限基本資料表所列之相關證明文件）。 
4. 歷年成績單總表（本項目須含班排名、系排名之排名證明，若成績單總
表未有列示排名者，請另附排名證明文件）。 
5. 其他有利審查資料：如五年一貫證明…等，無則免附。 
6. 推薦信（至多2份）。 ",,,"https://www.nccu.edu.tw/p/406-1000-20476,r123.php?Lang=zh-tw",,,,,,,,,,,,,,
國立政治大學,商學院,資訊管理學系,科技組,2025/10/14,7,,,"1. 考生基本資料表（請至本系網頁招生資訊/碩士班下載並填寫，最後一頁
需親筆簽名後掃描上傳）。 
2. 重要經歷與成就證明文件（本項目內容限基本資料表所列之相關證明文
件）。 
3. 專長能力證明文件（本項目內容限基本資料表所列之相關證明之文件）。 
4. 歷年成績單總表（本項目須含班排名、系排名之排名證明，若成績單總
表未有列示排名者，請另附排名證明文件）。 
5. 其他有利審查資料：如五年一貫證明…等，無則免附。 
6. 推薦信（至多2份）。",,,"https://www.nccu.edu.tw/p/406-1000-20476,r123.php?Lang=zh-tw",,,,,,,,,,,,,,
國立政治大學,商學院,財務管理學系,,2025/10/14,21,,,"1. 考生基本資料表（含其他有利審查資料：如GRE、GMAT、TOEFL或
TOEIC成績等，請至本系網頁下載並填寫）。 
2. 學業成績總平均排名證明。 
3. 歷年成績單總表。 
4. 自傳。 
5. 研究計畫。 
6. 推薦信1份。",,,"https://www.nccu.edu.tw/p/406-1000-20476,r123.php?Lang=zh-tw",,,,,,,,,,,,,,
國立政治大學,商學院,風險管理與保險學系,法律組,2025/10/14,5,,,"1. 學業成績總平均排名證明。 
2. 歷年成績單總表。 
3. 自傳。 
4. 讀書計畫。 
5. 其他有利審查資料：如語言成績、大學期間自行撰寫之任何學期報告或
研究報告等。",,,"https://www.nccu.edu.tw/p/406-1000-20476,r123.php?Lang=zh-tw",,,,,,,,,,,,,,
國立政治大學,商學院,風險管理與保險學系,管理組,2025/10/14,6,,,"1. 學業成績總平均排名證明。 
2. 歷年成績單總表。 
3. 自傳。 
4. 讀書計畫。 
5. 其他有利審查資料：如語言成績、大學期間自行撰寫之任何學期報告或
研究報告等。",,,"https://www.nccu.edu.tw/p/406-1000-20476,r123.php?Lang=zh-tw",,,,,,,,,,,,,,
國立政治大學,商學院,風險管理與保險學系,精算科學組,2025/10/14,5,,,"1. 學業成績總平均排名證明。 
2. 歷年成績單總表。 
3. 自傳。 
4. 讀書計畫。 
5. 其他有利審查資料：如語言成績、大學期間自行撰寫之任何學期報告或
研究報告等。",,,"https://www.nccu.edu.tw/p/406-1000-20476,r123.php?Lang=zh-tw",,,,,,,,,,,,,,
國立政治大學,商學院,風險管理與保險學系,在職生組,2025/10/14,3,,,"1. 考生基本資料表（請至本系網頁下載）。 
2. 自傳（含個人簡歷、就學、工作經歷）。 
3. 最高學歷證明及成績單（最高學歷證明請提供影本，成績單須加蓋學校
校印或教務處章戳）。 
4. 研究計畫書。 
5. 服務機關同意報考證明書（請至本系網頁下載，並請繳交工作年資證明）。 
6. 其他有利審查資料(如外語檢定、證照、著作、研究成果等）。",,,"https://www.nccu.edu.tw/p/406-1000-20476,r123.php?Lang=zh-tw",,,,,,,,,,,,,,
國立政治大學,商學院,科技管理與智慧財產研究所,科技管理組,2025/10/14,19,,,"1. 考生資料表（請至本所網頁點選招生資訊/碩士班甄試資訊，下載甄試考
生資料表）。 
2. 學業成績總平均排名證明。 
3. 歷年成績單總表。 
4. 自傳及學習計畫。 
5. 其他有利審查資料：如英文檢定、社團活動、參加各項考試競賽、學術
（藝）活動之證明文件或課堂學習成果等。 
6. 推薦信2份。",,,"https://www.nccu.edu.tw/p/406-1000-20476,r123.php?Lang=zh-tw",,,,,,,,,,,,,,
國立政治大學,商學院,科技管理與智慧財產研究所,智慧財產組,2025/10/14,9,,,"1. 考生資料表（請至本所網頁點選招生資訊/碩士班甄試資訊，下載甄試考
生資料表）。 
2. 學業成績總平均排名證明。 
3. 歷年成績單總表。 
4. 自傳及學習計畫。 
5. 其他有利審查資料：如英文檢定、社團活動、參加各項考試競賽、學術
（藝）活動之證明文件或課堂學習成果等。 
6. 推薦信2份。",,,"https://www.nccu.edu.tw/p/406-1000-20476,r123.php?Lang=zh-tw",,,,,,,,,,,,,,
國立政治大學,商學院,企業管理研究所 （MBA學位學程）,A組,2025/10/14,33,,,"1. 考生基本資料表（請至本所網站下載填寫）。 
2. 歷年成績單總表（含學業成績總平均排名證明）。持研究所學歷者，可免
附排名證明，惟需同時附大學及研究所成績單總表。 
3. 讀書計畫（含學習與生涯計畫）。 
4. 其他有利審查資料，如得獎證明、專業證照、各項語文能力證明。 
5. 推薦信（至多2份，請至本所網站下載「推薦信」）。",,,"https://www.nccu.edu.tw/p/406-1000-20476,r123.php?Lang=zh-tw",,,,,,,,,,,,,,
國立政治大學,商學院,企業管理研究所 （MBA學位學程）,B組,2025/10/14,35,,,"1. 考生基本資料表（請至本所網站下載填寫）。 
2. 歷年成績單總表（含學業成績總平均排名證明）。持研究所學歷者，可免
附排名證明，惟需同時附大學及研究所成績單總表。 
3. 讀書計畫（含學習與生涯計畫）。 
4. 其他有利審查資料，如得獎證明、專業證照、各項語文能力證明。 
5. 有效工作年資證明（以正本掃描）：如勞保年資證明（請至勞保局申請「勞
保被保險人投保資料表（明細）」，不接受網路下載版本）、在職證明書，
該證明不得以考生基本資料表取代。另附個人現職工作名片1張 （無名
片或無現職者免附） 。 
6.推薦信（至多2份，請至本所網站下載「推薦信」）。",,,"https://www.nccu.edu.tw/p/406-1000-20476,r123.php?Lang=zh-tw",,,,,,,,,,,,,,
國立政治大學,傳播學院,傳播學院傳播碩士學位學程,甲組,2025/10/14,26,,,"1. 自傳（500字以內）。 
2. 研讀計畫（1,500 字以內，必須包含報考動機、學習與畢業計畫）。 
3. 學業成績總平均排名證明（請至網頁https://gradcomm.nccu.edu.tw/最新消
息下載表格）。 
4. 歷年成績單總表。 
5. 其他有利審查資料（大學時期或大學以後完成）：如相關作品得獎證明、
參與國科會專題研究計畫、論文報告、各類獎學金證明、相關作品、外
語能力檢定證明等（影音作品請先上傳至影音分享網站，例如YouTube，
並將作品名稱及網址表列於A4直式格式表單）。",,,"https://www.nccu.edu.tw/p/406-1000-20476,r123.php?Lang=zh-tw",,,,,,,,,,,,,,
國立政治大學,傳播學院,傳播學院傳播碩士學位學程,乙組,2025/10/14,1,,,"1. 自傳（500字以內）。 
2. 研讀計畫（1,500 字以內，必須包含報考動機、學習與畢業計畫）。 
3. 運動績優有利審查資料（大學時期或大學以後完成）：如各項運動成就證
明或相關證照、體適能檢定證明、參與運動傳播工作經歷、各類獎學金
證明及外語能力檢定證明等（影音作品請先上傳至影音分享網站，例如
YouTube，並將作品名稱及網址表列於A4直式格式表單）。 
4. 歷年成績單總表。",,,"https://www.nccu.edu.tw/p/406-1000-20476,r123.php?Lang=zh-tw",,,,,,,,,,,,,,
國立政治大學,傳播學院,國際傳播英語碩士學位學程,,2025/10/14,6,,,"1. 歷年成績單總表。 
2. 自傳（英文撰寫）。 
3. 研究計畫或讀書計畫（以英文撰寫）。 
4. 語言能力檢定證明（限三年內之英語檢定成績，僅接受TOEFL、IELTS
或TOEIC成績）。 
5. 其他有利審查資料：如相關作品參展與得獎紀錄、國科會參與專題研究
計畫、論文報告、獎學金證明、相關作品等。作品格式不拘，唯若繳交
電子檔案須有自動播放程式，以免審查時讀取困難。 
6. 推薦信2份（二位推薦人）。",,,"https://www.nccu.edu.tw/p/406-1000-20476,r123.php?Lang=zh-tw",,,,,,,,,,,,,,
國立政治大學,,數位內容碩士學位學程,,2025/10/14,9,,,"1. 歷年成績單總表（含學業成績總平均排名，需加蓋學校校印或教務處章
戳）。 
2. 自傳。 
3. 研究計畫（或創作構想）。 
4. 大專入學後作品、專題或其他有利審查資料。 
5. 推薦信（至多2份，無則免繳）。",,,"https://www.nccu.edu.tw/p/406-1000-20476,r123.php?Lang=zh-tw",,,,,,,,,,,,,,
國立政治大學,,亞際文化研究國際碩士學位 學程(台灣聯合大學系統),,2025/10/14,3,,,"1. 歷年成績單總表。 
2. 自傳（中文與英文各一份，各1,000字以內）。 
3. 研讀計畫（中文與英文各一份，各1,500 字以內，必須包含報考動機、
主修領域與修課計畫、研究興趣及未來發展規劃）。 
4. 其他有利審查資料：如相關作品參展與得獎紀錄、國科會參與專題研究
計畫、論文報告、獎學金證明、相關作品等。作品與檔案繳交總數不超
過三件。作品格式不拘，請提供作品雲端連結，以免審查時讀取困難。 
5. 推薦信 2 份（二位推薦人）。",,,"https://www.nccu.edu.tw/p/406-1000-20476,r123.php?Lang=zh-tw",,,,,,,,,,,,,,
國立政治大學,外國語文學院,英國語文學系,文學組,2025/10/14,6,,,"1. 研究計畫（英文撰寫）。 
2. 學科報告（有關英美文學課程之報告一篇，6至10頁）。 
3. 學業成績總平均排名證明。 
4. 歷年成績單總表。 
5. 推薦信2份（二位推薦人）。",,,"https://www.nccu.edu.tw/p/406-1000-20476,r123.php?Lang=zh-tw",,,,,,,,,,,,,,
國立政治大學,外國語文學院,英國語文學系,英語教學組 ,2025/10/14,3,,,"1. 研究計畫（英文撰寫）。 
2. 學科報告（有關語言學或英語教學課程之報告一篇，6至10頁）。 
3. 學業成績總平均排名證明。 
4. 歷年成績單總表。 
5. 推薦信2份（二位推薦人）。 ",,,"https://www.nccu.edu.tw/p/406-1000-20476,r123.php?Lang=zh-tw",,,,,,,,,,,,,,
國立政治大學,外國語文學院,斯拉夫語文學系,,2025/10/14,2,,,"1. 歷年成績單總表（需加蓋學校校印或教務處章戳）。 
2. 學科報告（有關俄語語言學或俄國文學之專題研究報告一至兩篇，至少
六頁）。 
3. 學習計畫（申請動機、擬研究領域等）。",,,"https://www.nccu.edu.tw/p/406-1000-20476,r123.php?Lang=zh-tw",,,,,,,,,,,,,,
國立政治大學,外國語文學院,語言學研究所,,2025/10/14,5,,,"1.自傳。
2.讀書計畫（頁數不限）。
3.研究報告（頁數不限）。
4.歷年成績單（需加蓋學校校印或教務處章戳）。
5.推薦信2 份（二位推薦人）。",,,"https://www.nccu.edu.tw/p/406-1000-20476,r123.php?Lang=zh-tw",,,,,,,,,,,,,,
國立政治大學,外國語文學院,日本語文學系,,2025/10/14,5,,JLPT N1/N2,"1. 學業成績總平均排名證明。
2. 歷年成績單總表。
3. 中文自傳1,000 字以內（字級勿小於12，頁數勿超過1 頁）。
4. 研究計畫（日文撰寫）。
5. 日本語能力試驗證書。",,,"https://www.nccu.edu.tw/p/406-1000-20476,r123.php?Lang=zh-tw",,,,,,,,,,,,,,
國立政治大學,外國語文學院,韓國語文學系,,2025/10/14,2,,TOPIKⅡ 6 級,"1. 自傳（含過去求學經驗、報考動機、未來生涯規劃，以中文撰寫）。
2. 歷年成績單總表。
3. 研究計畫（含讀書計畫、未來研究方向，以中文撰寫）。
4. 學科報告（有關韓語語言學、韓國文學或韓國文化相關之專題研究報告
一篇，5,000 字以上、中韓文不拘）。
5. 其他有利審查資料（含語言能力檢定證明文件）。",,,"https://www.nccu.edu.tw/p/406-1000-20476,r123.php?Lang=zh-tw",,,,,,,,,,,,,,
國立政治大學,外國語文學院,中東與中亞研究碩士學位學程,,2025/10/14,3,,,"1. 自傳履歷（含個人成長背景、報考動機、研究計畫及未來職涯發展規劃）。
2. 歷年成績單總表（含學業成績總平均排名）。
3. 畢業證書（應屆畢業生請附在學證明或學生證影本）。
4. 其他有利審查資料（如外語檢定、證照、著作、研究成果等）。",,,"https://www.nccu.edu.tw/p/406-1000-20476,r123.php?Lang=zh-tw",,,,,,,,,,,,,,
國立政治大學,法學院,法律學系,民法組,2025/10/14,10,,,"1. 學業成績總平均排名證明。
2. 自傳（含性格之自我分析、過去的教育經驗、未來生涯規劃）。
3. 研究計畫。
4. 其他有利審查資料：如著作、國科會專題計畫、獎學金證明、社團負責
人或幹部證明、語言能力等證明。
※特別歡迎提供英、德、日等外文之修課或考試證明。",,,"https://www.nccu.edu.tw/p/406-1000-20476,r123.php?Lang=zh-tw",,,,,,,,,,,,,,
國立政治大學,法學院,法律學系,財經法組,2025/10/14,8,,,"1. 學業成績總平均排名證明。
2. 自傳（含性格之自我分析、過去的教育經驗、未來生涯規劃）。
3. 研究計畫。
4. 其他有利審查資料：如著作、國科會專題計畫、獎學金證明、社團負責
人或幹部證明、語言能力等證明。",,,"https://www.nccu.edu.tw/p/406-1000-20476,r123.php?Lang=zh-tw",,,,,,,,,,,,,,
國立政治大學,法學院,法律學系,公法組,2025/10/14,7,,,"1. 學業成績總平均排名證明。
2. 自傳（含性格之自我分析、過去的教育經驗、未來生涯規劃）。
3. 研究計畫（應標明選擇公法甲組或公法乙組；修業相關規定請參考本院
網頁或必修科目表）。
4. 論文著作（國內研究所畢業生應繳交碩士論文，應屆生應繳交論文大綱）。
※ 符合前述特定報考資格第一項第三款，且須繳交論文始能獲得學位者，
畢業生應繳交論文，應屆生應繳交論文大綱。
5. 其他有利審查資料：如著作、國科會專題計畫、獎學金證明、社團負責
人或幹部證明、語言能力等證明。
※ 特別歡迎提供英、德、日、法等外文之修課或考試證明。",,,"https://www.nccu.edu.tw/p/406-1000-20476,r123.php?Lang=zh-tw",,,,,,,,,,,,,,
國立政治大學,法學院,法律學系,刑法組,2025/10/14,8,,,"1. 學業成績總平均排名證明。
2. 自傳（含性格之自我分析、過去的教育經驗、未來生涯規劃）。
3. 研究計畫（含碩士論文構想方向）。
4. 其他有利審查資料：如學術研究著作、國科會專題計畫、獎學金證明、
參與刑事法相關研究、讀書會或研討會之傑出表現、語言能力證明，或
其他可說明對刑事法有特別表現之資料。
※第2 至3 項資料兩者合計頁數不得超過25 頁，超出頁數不納入評分範
圍。",,,"https://www.nccu.edu.tw/p/406-1000-20476,r123.php?Lang=zh-tw",,,,,,,,,,,,,,
國立政治大學,法學院,法律學系,勞工法與社會法組,2025/10/14,2,,,"1. 學業成績總平均排名證明。
2. 自傳（含性格之自我分析、過去的教育經驗、未來生涯規劃）。
3. 研究計畫。
4. 其他有利審查資料：如著作、國科會專題計畫、獎學金證明、社團負責
人或幹部證明、語言能力等證明。",,,"https://www.nccu.edu.tw/p/406-1000-20476,r123.php?Lang=zh-tw",,,,,,,,,,,,,,
國立政治大學,法學院,法律學系,基礎法學組,2025/10/14,4,,,"1. 學業成績總平均排名證明（含足以供確認上述特定報考資格「一」之「1」
所要求之修課紀錄成績單，並請標示相關科目）。
2. 自傳（含報考基礎法學組的動機、曾修習或閱讀與基礎法學相關課程或
文獻的心得、未來生涯規劃）。
3. 研究計畫。
4. 其他有利審查資料：如著作、國科會專題計畫、修課學期報告、獎學金
證明、社團負責人或幹部證明、語言能力等證明。",,,"https://www.nccu.edu.tw/p/406-1000-20476,r123.php?Lang=zh-tw",,,,,,,,,,,,,,
國立政治大學,法學院,法律科際整合研究所,,2025/10/14,14,,,"1. 考生基本資料表（請於本所網頁下載）。
2. 自傳與研究計畫（5,000 字以內，自傳部分請簡述與法律相關之經驗，並
提出反思）。
3. 成績排名證明及成績單（成績排名證明請提供累計至報名前一學期的系
所排名或班排名。成績單請附大學或研究所之歷年成績單總表）。
4. 學歷證明及語言能力證明（學歷證明請提供應考學歷及最高學歷畢業證
書，應屆畢業生請附上在學證明。語言能力證明為必備，含檢定或課程
名稱及成績，請務必註明種類與年度）。
5. 其他有利審查資料：如職業證照、專業資格證書、專業工作成就證明等
足資證明個人專業工作成就與能力等資料。
6. 推薦信（至多2 份，無則免附）。",,,"https://www.nccu.edu.tw/p/406-1000-20476,r123.php?Lang=zh-tw",,,,,,,,,,,,,,
國立政治大學,理學院,應用數學系,,2025/10/14,9,,,"1. 歷年成績單總表（含班排名；應屆畢業生應含本學期選課資料）。
2. 自傳（600 字以內，請以A4 格式繕打；含就讀本系碩士班之動機）。
3. 讀書計畫。
4. 其他有利審查資料：如大學基礎數學測驗成績、GRE 成績、得獎證明等。",,,"https://www.nccu.edu.tw/p/406-1000-20476,r123.php?Lang=zh-tw",,,,,,,,,,,,,,
國立政治大學,理學院,心理學系,實驗與發展組,2025/10/14,3,,,"1. 自傳。
2. 歷年成績單總表。
3. 研究計畫。
4. 其他有利審查資料：大專學生參與國科會專題研究計畫、學術著作、獎
學金證明、GRE 或TOEFL 成績、研究報告等。
5. 推薦信2 份（二位推薦人）。",,,"https://www.nccu.edu.tw/p/406-1000-20476,r123.php?Lang=zh-tw",,,,,,,,,,,,,,
國立政治大學,理學院,心理學系,社會與人格組,2025/10/14,2,,,"1. 自傳。
2. 歷年成績單總表。
3. 研究計畫。
4. 其他有利審查資料：大專學生參與國科會專題研究計畫、學術著作、獎
學金證明、GRE 或TOEFL 成績、研究報告等。
5. 推薦信2 份（二位推薦人）。",,,"https://www.nccu.edu.tw/p/406-1000-20476,r123.php?Lang=zh-tw",,,,,,,,,,,,,,
國立政治大學,理學院,心理學系,工業與組織組,2025/10/14,2,,,"1. 自傳。
2. 歷年成績單總表。
3. 研究計畫。
4. 其他有利審查資料：大專學生參與國科會專題研究計畫、學術著作、獎
學金證明、GRE 或TOEFL 成績、研究報告等。
5. 推薦信2 份（二位推薦人）。",,,"https://www.nccu.edu.tw/p/406-1000-20476,r123.php?Lang=zh-tw",,,,,,,,,,,,,,
國立政治大學,理學院,心理學系,臨床組,2025/10/14,7,,,"1. 自傳。
2. 歷年成績單總表。
3. 研究計畫。
4. 其他有利審查資料：大專學生參與國科會專題研究計畫、學術著作、獎
學金證明、GRE 或TOEFL 成績、研究報告等。
5. 推薦信2 份（二位推薦人）。",,,"https://www.nccu.edu.tw/p/406-1000-20476,r123.php?Lang=zh-tw",,,,,,,,,,,,,,
國立政治大學,理學院,神經科學研究所,,2025/10/14,2,,,"1. 考生基本資料表（請於本所網頁下載）。
2. 自傳（以不超過1,000 字為原則）。
3. 歷年成績單總表（含總平均排名之大學以上學業成績）。
4. 研究計畫。
5. 其他有利審查資料：如參與學術性研討會、發表學術研究著作等。
6. 推薦信2 份（二位推薦人，請至本所網站下載「甄試推薦信格式」）。",,,"https://www.nccu.edu.tw/p/406-1000-20476,r123.php?Lang=zh-tw",,,,,,,,,,,,,,
國立政治大學,理學院,應用物理研究所,,2025/10/14,5,,,"1. 讀書計畫。
2. 自傳（請以A4 格式繕打，含選讀本所動機，未來研究方向）。
3. 其他有利審查資料；如GRE 成績、得獎證明、自我介紹影片等，並得另
以視訊方式補充說明。
4. 歷年成績單總表（大專以上成績單總表，需加蓋學校校印或教務處章戳）。
5. 推薦信2 份（格式範本可自本所網頁首頁「招生資訊」內下載）。",,,"https://www.nccu.edu.tw/p/406-1000-20476,r123.php?Lang=zh-tw",,,,,,,,,,,,,,
國立政治大學,資訊學院,資訊科學系,資訊科學與工程組（一般組）,2025/10/14,13,"1.書審60%
2.面試40%",,"1. 考生備審資料摘要表（請於本系網頁下載）。
2. 歷年成績單總表（含系排名，同等學力相當高考類科及格者免附成績單）。
3. 其他有利審查資料：如參與研究計畫、專題報告、各項競賽檢定、證照
等。
4. 推薦信2 份。","【參加資格】依審查資料加權後之成績擇優選取招生名額至多 3.5 倍人數參加面試。
【面試日期】11 月 15 日(星期六)(詳細時間公布於本系網頁)
【注意事項】面試相關資訊於 11 月 12 日公布於本系網頁。",,"https://www.nccu.edu.tw/p/406-1000-20476,r123.php?Lang=zh-tw",,,,,,,,,,,,,,
國立政治大學,資訊學院,資訊科學系,資訊科學與工程組（跨領域組）,2025/10/14,6,"1.書審40%
2.面試40%
3.筆試20%",,"1. 考生備審資料摘要表（請於本系網頁下載，並於表中說明跨領域研究計
畫）。
2. 歷年成績單總表（含系排名，同等學力相當高考類科及格者免附成績單）。
3. 其他有利審查資料：如參與（跨領域）研究計畫、專題報告、各項競賽
檢定、證照等。
4. 推薦信2 份。","【參加資格】依筆試及審查資料加權後之成績擇優選取招生名額至多 2.5 倍人數參加面試。
【面試日期】11 月 13 日(星期四)(詳細時間公布於本系網頁)
【注意事項】面試相關資訊於 11 月 10 日公布於本系網頁。","【筆試日期】11 月 7 日 (星期五)
【筆試科目】14:00-15:40 計算機概論(含計算機程式)
【注意事項】筆試相關資訊於考試前 3 日公布於本系網頁。","https://www.nccu.edu.tw/p/406-1000-20476,r123.php?Lang=zh-tw",,,,,,,,,,,,,,
國立政治大學,資訊學院,資訊科學系,智慧計算組,2025/10/14,6,"1.書審60%
2.面試40%",,"1. 考生備審資料摘要表（請於本系網頁下載）。
2. 歷年成績單總表（含系排名，同等學力相當高考類科及格者免附成績單）。
3. 其他有利審查資料：如參與研究計畫、專題報告、各項競賽檢定、證照
等。
4. 推薦信2 份。","【參加資格】依審查資料加權後之成績擇優選取招生名額至多 3.5 倍人數參加面試。
【面試日期】11 月 15 日(星期六)(詳細時間公布於本系網頁)
【注意事項】面試相關資訊於 11 月 12 日公布於本系網頁。",,"https://www.nccu.edu.tw/p/406-1000-20476,r123.php?Lang=zh-tw",,,,,,,,,,,,,,
國立政治大學,資訊學院,資訊安全碩士學位學程,,2025/10/14,8,,,"1. 考生基本資料表（請於本學程網頁下載）。
2. 歷年成績單總表（含系排名，若成績單總表未有列示排名者，需另附排
名證明文件；同等學力相當高考類科及格者免附成績單）。
3. 其他有利審查資料：如參與研究計畫、專題報告、各項競賽檢定、證照
等。
4. 推薦信2 份。",,,"https://www.nccu.edu.tw/p/406-1000-20476,r123.php?Lang=zh-tw",,,,,,,,,,,,,,
國立政治大學,創新國際學院,全球傳播與創新科技碩士學位學程,,2025/10/14,10,,TOEFL、IELTS、TOEIC 或全民英檢,"1. 考生基本資料表（表格請至本學程網頁下載填寫）。
2. 學歷證件及歷年成績單（學歷證件為最高學歷畢業證書，若為應屆畢業
生，請附上在學證明影本；歷年成績單為大學以上階段之成績單總表）。
3. 自傳及讀書計畫（自傳分別以中、英文撰寫各500 字內，讀書計畫以英
文撰寫1,500 字內）。
4. 語言能力檢定證明（僅限TOEFL、IELTS、TOEIC 或全民英檢成績，若考
生有其他外國語言之檢定測驗成績證明，亦可一併繳交，以供參考）。
5. 其他有利審查資料：如相關作品參展與得獎紀錄、國科會參與專題研究
計畫、論文報告、獎學金證明、相關作品、國際交換生經驗、實習經驗
等。作品格式不拘，中文作品需附300 字內英文摘要；英文及其他語言
作品需附300 字內中文摘要（影音作品請先上傳至影音分享網站，例如
YouTube 並將作品名稱及網址表列於 A4 直式格式）。
6. 推薦信（2 份）。
※檔案請以A4 直式格式製作，並將相關資料掃描或編輯製作成PDF 檔案
上傳。
※創作作品、研討會論文、國科會專題計畫、各項競賽作品，若為多人參與，
必須附上每位參與者貢獻比例說明及佐證資料。",,,"https://www.nccu.edu.tw/p/406-1000-20476,r123.php?Lang=zh-tw",,,,,,,,,,,,,,
,,,,,,,,,,,,,,,,,,,,,,,,,
,,,,,,,,,,,,,,,,,,,,,,,,,
,,,,,,,,,,,,,,,,,,,,,,,,,
,,,,,,,,,,,,,,,,,,,,,,,,,
,,,,,,,,,,,,,,,,,,,,,,,,,
,,,,,,,,,,,,,,,,,,,,,,,,,
,,,,,,,,,,,,,,,,,,,,,,,,,
,,,,,,,,,,,,,,,,,,,,,,,,,
,,,,,,,,,,,,,,,,,,,,,,,,,
,,,,,,,,,,,,,,,,,,,,,,,,,
,,,,,,,,,,,,,,,,,,,,,,,,,
,,,,,,,,,,,,,,,,,,,,,,,,,
,,,,,,,,,,,,,,,,,,,,,,,,,
,,,,,,,,,,,,,,,,,,,,,,,,,
,,,,,,,,,,,,,,,,,,,,,,,,,
,,,,,,,,,,,,,,,,,,,,,,,,,
,,,,,,,,,,,,,,,,,,,,,,,,,
,,,,,,,,,,,,,,,,,,,,,,,,,
,,,,,,,,,,,,,,,,,,,,,,,,,
,,,,,,,,,,,,,,,,,,,,,,,,,
,,,,,,,,,,,,,,,,,,,,,,,,,
,,,,,,,,,,,,,,,,,,,,,,,,,
,,,,,,,,,,,,,,,,,,,,,,,,,
,,,,,,,,,,,,,,,,,,,,,,,,,
,,,,,,,,,,,,,,,,,,,,,,,,,
,,,,,,,,,,,,,,,,,,,,,,,,,
,,,,,,,,,,,,,,,,,,,,,,,,,
,,,,,,,,,,,,,,,,,,,,,,,,,
,,,,,,,,,,,,,,,,,,,,,,,,,
,,,,,,,,,,,,,,,,,,,,,,,,,
,,,,,,,,,,,,,,,,,,,,,,,,,
,,,,,,,,,,,,,,,,,,,,,,,,,
,,,,,,,,,,,,,,,,,,,,,,,,,
,,,,,,,,,,,,,,,,,,,,,,,,,
,,,,,,,,,,,,,,,,,,,,,,,,,
,,,,,,,,,,,,,,,,,,,,,,,,,
,,,,,,,,,,,,,,,,,,,,,,,,,
,,,,,,,,,,,,,,,,,,,,,,,,,
,,,,,,,,,,,,,,,,,,,,,,,,,
,,,,,,,,,,,,,,,,,,,,,,,,,
,,,,,,,,,,,,,,,,,,,,,,,,,
,,,,,,,,,,,,,,,,,,,,,,,,,
,,,,,,,,,,,,,,,,,,,,,,,,,
,,,,,,,,,,,,,,,,,,,,,,,,,
,,,,,,,,,,,,,,,,,,,,,,,,,
,,,,,,,,,,,,,,,,,,,,,,,,,
,,,,,,,,,,,,,,,,,,,,,,,,,
,,,,,,,,,,,,,,,,,,,,,,,,,
,,,,,,,,,,,,,,,,,,,,,,,,,
,,,,,,,,,,,,,,,,,,,,,,,,,
,,,,,,,,,,,,,,,,,,,,,,,,,
,,,,,,,,,,,,,,,,,,,,,,,,,
,,,,,,,,,,,,,,,,,,,,,,,,,
,,,,,,,,,,,,,,,,,,,,,,,,,
,,,,,,,,,,,,,,,,,,,,,,,,,
,,,,,,,,,,,,,,,,,,,,,,,,,
,,,,,,,,,,,,,,,,,,,,,,,,,
,,,,,,,,,,,,,,,,,,,,,,,,,
,,,,,,,,,,,,,,,,,,,,,,,,,
,,,,,,,,,,,,,,,,,,,,,,,,,
,,,,,,,,,,,,,,,,,,,,,,,,,
,,,,,,,,,,,,,,,,,,,,,,,,,
,,,,,,,,,,,,,,,,,,,,,,,,,
,,,,,,,,,,,,,,,,,,,,,,,,,
,,,,,,,,,,,,,,,,,,,,,,,,,
,,,,,,,,,,,,,,,,,,,,,,,,,
,,,,,,,,,,,,,,,,,,,,,,,,,
,,,,,,,,,,,,,,,,,,,,,,,,,
,,,,,,,,,,,,,,,,,,,,,,,,,
,,,,,,,,,,,,,,,,,,,,,,,,,
,,,,,,,,,,,,,,,,,,,,,,,,,
,,,,,,,,,,,,,,,,,,,,,,,,,
,,,,,,,,,,,,,,,,,,,,,,,,,
,,,,,,,,,,,,,,,,,,,,,,,,,
,,,,,,,,,,,,,,,,,,,,,,,,,
,,,,,,,,,,,,,,,,,,,,,,,,,
,,,,,,,,,,,,,,,,,,,,,,,,,
,,,,,,,,,,,,,,,,,,,,,,,,,
,,,,,,,,,,,,,,,,,,,,,,,,,
,,,,,,,,,,,,,,,,,,,,,,,,,
,,,,,,,,,,,,,,,,,,,,,,,,,
,,,,,,,,,,,,,,,,,,,,,,,,,
,,,,,,,,,,,,,,,,,,,,,,,,,
,,,,,,,,,,,,,,,,,,,,,,,,,
,,,,,,,,,,,,,,,,,,,,,,,,,
,,,,,,,,,,,,,,,,,,,,,,,,,
,,,,,,,,,,,,,,,,,,,,,,,,,
,,,,,,,,,,,,,,,,,,,,,,,,,
,,,,,,,,,,,,,,,,,,,,,,,,,
,,,,,,,,,,,,,,,,,,,,,,,,,
,,,,,,,,,,,,,,,,,,,,,,,,,
,,,,,,,,,,,,,,,,,,,,,,,,,
,,,,,,,,,,,,,,,,,,,,,,,,,
,,,,,,,,,,,,,,,,,,,,,,,,,
,,,,,,,,,,,,,,,,,,,,,,,,,
,,,,,,,,,,,,,,,,,,,,,,,,,
,,,,,,,,,,,,,,,,,,,,,,,,,
,,,,,,,,,,,,,,,,,,,,,,,,,
,,,,,,,,,,,,,,,,,,,,,,,,,
,,,,,,,,,,,,,,,,,,,,,,,,,
,,,,,,,,,,,,,,,,,,,,,,,,,
,,,,,,,,,,,,,,,,,,,,,,,,,
,,,,,,,,,,,,,,,,,,,,,,,,,
,,,,,,,,,,,,,,,,,,,,,,,,,
,,,,,,,,,,,,,,,,,,,,,,,,,
,,,,,,,,,,,,,,,,,,,,,,,,,
,,,,,,,,,,,,,,,,,,,,,,,,,
,,,,,,,,,,,,,,,,,,,,,,,,,
,,,,,,,,,,,,,,,,,,,,,,,,,
,,,,,,,,,,,,,,,,,,,,,,,,,
,,,,,,,,,,,,,,,,,,,,,,,,,
,,,,,,,,,,,,,,,,,,,,,,,,,
,,,,,,,,,,,,,,,,,,,,,,,,,
,,,,,,,,,,,,,,,,,,,,,,,,,
,,,,,,,,,,,,,,,,,,,,,,,,,
,,,,,,,,,,,,,,,,,,,,,,,,,
,,,,,,,,,,,,,,,,,,,,,,,,,
,,,,,,,,,,,,,,,,,,,,,,,,,
,,,,,,,,,,,,,,,,,,,,,,,,,
,,,,,,,,,,,,,,,,,,,,,,,,,
,,,,,,,,,,,,,,,,,,,,,,,,,
,,,,,,,,,,,,,,,,,,,,,,,,,
,,,,,,,,,,,,,,,,,,,,,,,,,
,,,,,,,,,,,,,,,,,,,,,,,,,
,,,,,,,,,,,,,,,,,,,,,,,,,
,,,,,,,,,,,,,,,,,,,,,,,,,
,,,,,,,,,,,,,,,,,,,,,,,,,
,,,,,,,,,,,,,,,,,,,,,,,,,
,,,,,,,,,,,,,,,,,,,,,,,,,
,,,,,,,,,,,,,,,,,,,,,,,,,
,,,,,,,,,,,,,,,,,,,,,,,,,
,,,,,,,,,,,,,,,,,,,,,,,,,
,,,,,,,,,,,,,,,,,,,,,,,,,
,,,,,,,,,,,,,,,,,,,,,,,,,
,,,,,,,,,,,,,,,,,,,,,,,,,
,,,,,,,,,,,,,,,,,,,,,,,,,
,,,,,,,,,,,,,,,,,,,,,,,,,
,,,,,,,,,,,,,,,,,,,,,,,,,
,,,,,,,,,,,,,,,,,,,,,,,,,
,,,,,,,,,,,,,,,,,,,,,,,,,
,,,,,,,,,,,,,,,,,,,,,,,,,
,,,,,,,,,,,,,,,,,,,,,,,,,
,,,,,,,,,,,,,,,,,,,,,,,,,
,,,,,,,,,,,,,,,,,,,,,,,,,
,,,,,,,,,,,,,,,,,,,,,,,,,
,,,,,,,,,,,,,,,,,,,,,,,,,
,,,,,,,,,,,,,,,,,,,,,,,,,
,,,,,,,,,,,,,,,,,,,,,,,,,
,,,,,,,,,,,,,,,,,,,,,,,,,
,,,,,,,,,,,,,,,,,,,,,,,,,
,,,,,,,,,,,,,,,,,,,,,,,,,
,,,,,,,,,,,,,,,,,,,,,,,,,
,,,,,,,,,,,,,,,,,,,,,,,,,
,,,,,,,,,,,,,,,,,,,,,,,,,
,,,,,,,,,,,,,,,,,,,,,,,,,
,,,,,,,,,,,,,,,,,,,,,,,,,
,,,,,,,,,,,,,,,,,,,,,,,,,
,,,,,,,,,,,,,,,,,,,,,,,,,
,,,,,,,,,,,,,,,,,,,,,,,,,
,,,,,,,,,,,,,,,,,,,,,,,,,
,,,,,,,,,,,,,,,,,,,,,,,,,
,,,,,,,,,,,,,,,,,,,,,,,,,
,,,,,,,,,,,,,,,,,,,,,,,,,
,,,,,,,,,,,,,,,,,,,,,,,,,
,,,,,,,,,,,,,,,,,,,,,,,,,
,,,,,,,,,,,,,,,,,,,,,,,,,
,,,,,,,,,,,,,,,,,,,,,,,,,
,,,,,,,,,,,,,,,,,,,,,,,,,
,,,,,,,,,,,,,,,,,,,,,,,,,
,,,,,,,,,,,,,,,,,,,,,,,,,
,,,,,,,,,,,,,,,,,,,,,,,,,
,,,,,,,,,,,,,,,,,,,,,,,,,
,,,,,,,,,,,,,,,,,,,,,,,,,
,,,,,,,,,,,,,,,,,,,,,,,,,
,,,,,,,,,,,,,,,,,,,,,,,,,
,,,,,,,,,,,,,,,,,,,,,,,,,
,,,,,,,,,,,,,,,,,,,,,,,,,
,,,,,,,,,,,,,,,,,,,,,,,,,
,,,,,,,,,,,,,,,,,,,,,,,,,
,,,,,,,,,,,,,,,,,,,,,,,,,
,,,,,,,,,,,,,,,,,,,,,,,,,
,,,,,,,,,,,,,,,,,,,,,,,,,
,,,,,,,,,,,,,,,,,,,,,,,,,
,,,,,,,,,,,,,,,,,,,,,,,,,
,,,,,,,,,,,,,,,,,,,,,,,,,
,,,,,,,,,,,,,,,,,,,,,,,,,
,,,,,,,,,,,,,,,,,,,,,,,,,
,,,,,,,,,,,,,,,,,,,,,,,,,
,,,,,,,,,,,,,,,,,,,,,,,,,
,,,,,,,,,,,,,,,,,,,,,,,,,
,,,,,,,,,,,,,,,,,,,,,,,,,
,,,,,,,,,,,,,,,,,,,,,,,,,
,,,,,,,,,,,,,,,,,,,,,,,,,
,,,,,,,,,,,,,,,,,,,,,,,,,
,,,,,,,,,,,,,,,,,,,,,,,,,
,,,,,,,,,,,,,,,,,,,,,,,,,
,,,,,,,,,,,,,,,,,,,,,,,,,
,,,,,,,,,,,,,,,,,,,,,,,,,
,,,,,,,,,,,,,,,,,,,,,,,,,
,,,,,,,,,,,,,,,,,,,,,,,,,
,,,,,,,,,,,,,,,,,,,,,,,,,
,,,,,,,,,,,,,,,,,,,,,,,,,
,,,,,,,,,,,,,,,,,,,,,,,,,
,,,,,,,,,,,,,,,,,,,,,,,,,
,,,,,,,,,,,,,,,,,,,,,,,,,
,,,,,,,,,,,,,,,,,,,,,,,,,
,,,,,,,,,,,,,,,,,,,,,,,,,
,,,,,,,,,,,,,,,,,,,,,,,,,
,,,,,,,,,,,,,,,,,,,,,,,,,
,,,,,,,,,,,,,,,,,,,,,,,,,
,,,,,,,,,,,,,,,,,,,,,,,,,
,,,,,,,,,,,,,,,,,,,,,,,,,
,,,,,,,,,,,,,,,,,,,,,,,,,
,,,,,,,,,,,,,,,,,,,,,,,,,
,,,,,,,,,,,,,,,,,,,,,,,,,
,,,,,,,,,,,,,,,,,,,,,,,,,
,,,,,,,,,,,,,,,,,,,,,,,,,
,,,,,,,,,,,,,,,,,,,,,,,,,
,,,,,,,,,,,,,,,,,,,,,,,,,
,,,,,,,,,,,,,,,,,,,,,,,,,
,,,,,,,,,,,,,,,,,,,,,,,,,
,,,,,,,,,,,,,,,,,,,,,,,,,
,,,,,,,,,,,,,,,,,,,,,,,,,
,,,,,,,,,,,,,,,,,,,,,,,,,
,,,,,,,,,,,,,,,,,,,,,,,,,
,,,,,,,,,,,,,,,,,,,,,,,,,
,,,,,,,,,,,,,,,,,,,,,,,,,
,,,,,,,,,,,,,,,,,,,,,,,,,
,,,,,,,,,,,,,,,,,,,,,,,,,
,,,,,,,,,,,,,,,,,,,,,,,,,
,,,,,,,,,,,,,,,,,,,,,,,,,
,,,,,,,,,,,,,,,,,,,,,,,,,
,,,,,,,,,,,,,,,,,,,,,,,,,
,,,,,,,,,,,,,,,,,,,,,,,,,
,,,,,,,,,,,,,,,,,,,,,,,,,
,,,,,,,,,,,,,,,,,,,,,,,,,
,,,,,,,,,,,,,,,,,,,,,,,,,
,,,,,,,,,,,,,,,,,,,,,,,,,
,,,,,,,,,,,,,,,,,,,,,,,,,
,,,,,,,,,,,,,,,,,,,,,,,,,
,,,,,,,,,,,,,,,,,,,,,,,,,
,,,,,,,,,,,,,,,,,,,,,,,,,
,,,,,,,,,,,,,,,,,,,,,,,,,
,,,,,,,,,,,,,,,,,,,,,,,,,
,,,,,,,,,,,,,,,,,,,,,,,,,
,,,,,,,,,,,,,,,,,,,,,,,,,
,,,,,,,,,,,,,,,,,,,,,,,,,
,,,,,,,,,,,,,,,,,,,,,,,,,
,,,,,,,,,,,,,,,,,,,,,,,,,
,,,,,,,,,,,,,,,,,,,,,,,,,
,,,,,,,,,,,,,,,,,,,,,,,,,
,,,,,,,,,,,,,,,,,,,,,,,,,
,,,,,,,,,,,,,,,,,,,,,,,,,
,,,,,,,,,,,,,,,,,,,,,,,,,
,,,,,,,,,,,,,,,,,,,,,,,,,
,,,,,,,,,,,,,,,,,,,,,,,,,
,,,,,,,,,,,,,,,,,,,,,,,,,
,,,,,,,,,,,,,,,,,,,,,,,,,
,,,,,,,,,,,,,,,,,,,,,,,,,
,,,,,,,,,,,,,,,,,,,,,,,,,
,,,,,,,,,,,,,,,,,,,,,,,,,
,,,,,,,,,,,,,,,,,,,,,,,,,
,,,,,,,,,,,,,,,,,,,,,,,,,
,,,,,,,,,,,,,,,,,,,,,,,,,
,,,,,,,,,,,,,,,,,,,,,,,,,
,,,,,,,,,,,,,,,,,,,,,,,,,
,,,,,,,,,,,,,,,,,,,,,,,,,
,,,,,,,,,,,,,,,,,,,,,,,,,
,,,,,,,,,,,,,,,,,,,,,,,,,
,,,,,,,,,,,,,,,,,,,,,,,,,
,,,,,,,,,,,,,,,,,,,,,,,,,
,,,,,,,,,,,,,,,,,,,,,,,,,
,,,,,,,,,,,,,,,,,,,,,,,,,
,,,,,,,,,,,,,,,,,,,,,,,,,
,,,,,,,,,,,,,,,,,,,,,,,,,
,,,,,,,,,,,,,,,,,,,,,,,,,
,,,,,,,,,,,,,,,,,,,,,,,,,
,,,,,,,,,,,,,,,,,,,,,,,,,
,,,,,,,,,,,,,,,,,,,,,,,,,
,,,,,,,,,,,,,,,,,,,,,,,,,
,,,,,,,,,,,,,,,,,,,,,,,,,
,,,,,,,,,,,,,,,,,,,,,,,,,
,,,,,,,,,,,,,,,,,,,,,,,,,
,,,,,,,,,,,,,,,,,,,,,,,,,
,,,,,,,,,,,,,,,,,,,,,,,,,
,,,,,,,,,,,,,,,,,,,,,,,,,
,,,,,,,,,,,,,,,,,,,,,,,,,
,,,,,,,,,,,,,,,,,,,,,,,,,
,,,,,,,,,,,,,,,,,,,,,,,,,
,,,,,,,,,,,,,,,,,,,,,,,,,
,,,,,,,,,,,,,,,,,,,,,,,,,
,,,,,,,,,,,,,,,,,,,,,,,,,
,,,,,,,,,,,,,,,,,,,,,,,,,
,,,,,,,,,,,,,,,,,,,,,,,,,
,,,,,,,,,,,,,,,,,,,,,,,,,
,,,,,,,,,,,,,,,,,,,,,,,,,
,,,,,,,,,,,,,,,,,,,,,,,,,
,,,,,,,,,,,,,,,,,,,,,,,,,
,,,,,,,,,,,,,,,,,,,,,,,,,
,,,,,,,,,,,,,,,,,,,,,,,,,
,,,,,,,,,,,,,,,,,,,,,,,,,
,,,,,,,,,,,,,,,,,,,,,,,,,
,,,,,,,,,,,,,,,,,,,,,,,,,
,,,,,,,,,,,,,,,,,,,,,,,,,
,,,,,,,,,,,,,,,,,,,,,,,,,
,,,,,,,,,,,,,,,,,,,,,,,,,
,,,,,,,,,,,,,,,,,,,,,,,,,
,,,,,,,,,,,,,,,,,,,,,,,,,
,,,,,,,,,,,,,,,,,,,,,,,,,
,,,,,,,,,,,,,,,,,,,,,,,,,
,,,,,,,,,,,,,,,,,,,,,,,,,
,,,,,,,,,,,,,,,,,,,,,,,,,
,,,,,,,,,,,,,,,,,,,,,,,,,
,,,,,,,,,,,,,,,,,,,,,,,,,
,,,,,,,,,,,,,,,,,,,,,,,,,
,,,,,,,,,,,,,,,,,,,,,,,,,
,,,,,,,,,,,,,,,,,,,,,,,,,
,,,,,,,,,,,,,,,,,,,,,,,,,
,,,,,,,,,,,,,,,,,,,,,,,,,
,,,,,,,,,,,,,,,,,,,,,,,,,
,,,,,,,,,,,,,,,,,,,,,,,,,
,,,,,,,,,,,,,,,,,,,,,,,,,
,,,,,,,,,,,,,,,,,,,,,,,,,
,,,,,,,,,,,,,,,,,,,,,,,,,
,,,,,,,,,,,,,,,,,,,,,,,,,
,,,,,,,,,,,,,,,,,,,,,,,,,
,,,,,,,,,,,,,,,,,,,,,,,,,
,,,,,,,,,,,,,,,,,,,,,,,,,
,,,,,,,,,,,,,,,,,,,,,,,,,
,,,,,,,,,,,,,,,,,,,,,,,,,
,,,,,,,,,,,,,,,,,,,,,,,,,
,,,,,,,,,,,,,,,,,,,,,,,,,
,,,,,,,,,,,,,,,,,,,,,,,,,
,,,,,,,,,,,,,,,,,,,,,,,,,
,,,,,,,,,,,,,,,,,,,,,,,,,
,,,,,,,,,,,,,,,,,,,,,,,,,
,,,,,,,,,,,,,,,,,,,,,,,,,
,,,,,,,,,,,,,,,,,,,,,,,,,
,,,,,,,,,,,,,,,,,,,,,,,,,
,,,,,,,,,,,,,,,,,,,,,,,,,
,,,,,,,,,,,,,,,,,,,,,,,,,
,,,,,,,,,,,,,,,,,,,,,,,,,
,,,,,,,,,,,,,,,,,,,,,,,,,
,,,,,,,,,,,,,,,,,,,,,,,,,
,,,,,,,,,,,,,,,,,,,,,,,,,
,,,,,,,,,,,,,,,,,,,,,,,,,
,,,,,,,,,,,,,,,,,,,,,,,,,
,,,,,,,,,,,,,,,,,,,,,,,,,
,,,,,,,,,,,,,,,,,,,,,,,,,
,,,,,,,,,,,,,,,,,,,,,,,,,
,,,,,,,,,,,,,,,,,,,,,,,,,
,,,,,,,,,,,,,,,,,,,,,,,,,
,,,,,,,,,,,,,,,,,,,,,,,,,
,,,,,,,,,,,,,,,,,,,,,,,,,
,,,,,,,,,,,,,,,,,,,,,,,,,
,,,,,,,,,,,,,,,,,,,,,,,,,
,,,,,,,,,,,,,,,,,,,,,,,,,
,,,,,,,,,,,,,,,,,,,,,,,,,
,,,,,,,,,,,,,,,,,,,,,,,,,
,,,,,,,,,,,,,,,,,,,,,,,,,
,,,,,,,,,,,,,,,,,,,,,,,,,
,,,,,,,,,,,,,,,,,,,,,,,,,
,,,,,,,,,,,,,,,,,,,,,,,,,
,,,,,,,,,,,,,,,,,,,,,,,,,
,,,,,,,,,,,,,,,,,,,,,,,,,
,,,,,,,,,,,,,,,,,,,,,,,,,
,,,,,,,,,,,,,,,,,,,,,,,,,
,,,,,,,,,,,,,,,,,,,,,,,,,
,,,,,,,,,,,,,,,,,,,,,,,,,
,,,,,,,,,,,,,,,,,,,,,,,,,
,,,,,,,,,,,,,,,,,,,,,,,,,
,,,,,,,,,,,,,,,,,,,,,,,,,
,,,,,,,,,,,,,,,,,,,,,,,,,
,,,,,,,,,,,,,,,,,,,,,,,,,
,,,,,,,,,,,,,,,,,,,,,,,,,
,,,,,,,,,,,,,,,,,,,,,,,,,
,,,,,,,,,,,,,,,,,,,,,,,,,
,,,,,,,,,,,,,,,,,,,,,,,,,
,,,,,,,,,,,,,,,,,,,,,,,,,
,,,,,,,,,,,,,,,,,,,,,,,,,
,,,,,,,,,,,,,,,,,,,,,,,,,
,,,,,,,,,,,,,,,,,,,,,,,,,
,,,,,,,,,,,,,,,,,,,,,,,,,
,,,,,,,,,,,,,,,,,,,,,,,,,
,,,,,,,,,,,,,,,,,,,,,,,,,
,,,,,,,,,,,,,,,,,,,,,,,,,
,,,,,,,,,,,,,,,,,,,,,,,,,
,,,,,,,,,,,,,,,,,,,,,,,,,
,,,,,,,,,,,,,,,,,,,,,,,,,
,,,,,,,,,,,,,,,,,,,,,,,,,
,,,,,,,,,,,,,,,,,,,,,,,,,
,,,,,,,,,,,,,,,,,,,,,,,,,
,,,,,,,,,,,,,,,,,,,,,,,,,
,,,,,,,,,,,,,,,,,,,,,,,,,
,,,,,,,,,,,,,,,,,,,,,,,,,
,,,,,,,,,,,,,,,,,,,,,,,,,
,,,,,,,,,,,,,,,,,,,,,,,,,
,,,,,,,,,,,,,,,,,,,,,,,,,
,,,,,,,,,,,,,,,,,,,,,,,,,
,,,,,,,,,,,,,,,,,,,,,,,,,
,,,,,,,,,,,,,,,,,,,,,,,,,
,,,,,,,,,,,,,,,,,,,,,,,,,
,,,,,,,,,,,,,,,,,,,,,,,,,
,,,,,,,,,,,,,,,,,,,,,,,,,
,,,,,,,,,,,,,,,,,,,,,,,,,
,,,,,,,,,,,,,,,,,,,,,,,,,
,,,,,,,,,,,,,,,,,,,,,,,,,
,,,,,,,,,,,,,,,,,,,,,,,,,
,,,,,,,,,,,,,,,,,,,,,,,,,
,,,,,,,,,,,,,,,,,,,,,,,,,
,,,,,,,,,,,,,,,,,,,,,,,,,
,,,,,,,,,,,,,,,,,,,,,,,,,
,,,,,,,,,,,,,,,,,,,,,,,,,
,,,,,,,,,,,,,,,,,,,,,,,,,
,,,,,,,,,,,,,,,,,,,,,,,,,
,,,,,,,,,,,,,,,,,,,,,,,,,
,,,,,,,,,,,,,,,,,,,,,,,,,
,,,,,,,,,,,,,,,,,,,,,,,,,
,,,,,,,,,,,,,,,,,,,,,,,,,
,,,,,,,,,,,,,,,,,,,,,,,,,
,,,,,,,,,,,,,,,,,,,,,,,,,
,,,,,,,,,,,,,,,,,,,,,,,,,
,,,,,,,,,,,,,,,,,,,,,,,,,
,,,,,,,,,,,,,,,,,,,,,,,,,
,,,,,,,,,,,,,,,,,,,,,,,,,
,,,,,,,,,,,,,,,,,,,,,,,,,
,,,,,,,,,,,,,,,,,,,,,,,,,
,,,,,,,,,,,,,,,,,,,,,,,,,
,,,,,,,,,,,,,,,,,,,,,,,,,
,,,,,,,,,,,,,,,,,,,,,,,,,
,,,,,,,,,,,,,,,,,,,,,,,,,
,,,,,,,,,,,,,,,,,,,,,,,,,
,,,,,,,,,,,,,,,,,,,,,,,,,
,,,,,,,,,,,,,,,,,,,,,,,,,
,,,,,,,,,,,,,,,,,,,,,,,,,
,,,,,,,,,,,,,,,,,,,,,,,,,
,,,,,,,,,,,,,,,,,,,,,,,,,
,,,,,,,,,,,,,,,,,,,,,,,,,
,,,,,,,,,,,,,,,,,,,,,,,,,
,,,,,,,,,,,,,,,,,,,,,,,,,
,,,,,,,,,,,,,,,,,,,,,,,,,
,,,,,,,,,,,,,,,,,,,,,,,,,
,,,,,,,,,,,,,,,,,,,,,,,,,
,,,,,,,,,,,,,,,,,,,,,,,,,
,,,,,,,,,,,,,,,,,,,,,,,,,
,,,,,,,,,,,,,,,,,,,,,,,,,
,,,,,,,,,,,,,,,,,,,,,,,,,
,,,,,,,,,,,,,,,,,,,,,,,,,
,,,,,,,,,,,,,,,,,,,,,,,,,
,,,,,,,,,,,,,,,,,,,,,,,,,
,,,,,,,,,,,,,,,,,,,,,,,,,
,,,,,,,,,,,,,,,,,,,,,,,,,
,,,,,,,,,,,,,,,,,,,,,,,,,
,,,,,,,,,,,,,,,,,,,,,,,,,
,,,,,,,,,,,,,,,,,,,,,,,,,
,,,,,,,,,,,,,,,,,,,,,,,,,
,,,,,,,,,,,,,,,,,,,,,,,,,
,,,,,,,,,,,,,,,,,,,,,,,,,
,,,,,,,,,,,,,,,,,,,,,,,,,
,,,,,,,,,,,,,,,,,,,,,,,,,
,,,,,,,,,,,,,,,,,,,,,,,,,
,,,,,,,,,,,,,,,,,,,,,,,,,
,,,,,,,,,,,,,,,,,,,,,,,,,
,,,,,,,,,,,,,,,,,,,,,,,,,
,,,,,,,,,,,,,,,,,,,,,,,,,
,,,,,,,,,,,,,,,,,,,,,,,,,
,,,,,,,,,,,,,,,,,,,,,,,,,
,,,,,,,,,,,,,,,,,,,,,,,,,
,,,,,,,,,,,,,,,,,,,,,,,,,
,,,,,,,,,,,,,,,,,,,,,,,,,
,,,,,,,,,,,,,,,,,,,,,,,,,
,,,,,,,,,,,,,,,,,,,,,,,,,
,,,,,,,,,,,,,,,,,,,,,,,,,
,,,,,,,,,,,,,,,,,,,,,,,,,
,,,,,,,,,,,,,,,,,,,,,,,,,
,,,,,,,,,,,,,,,,,,,,,,,,,
,,,,,,,,,,,,,,,,,,,,,,,,,
,,,,,,,,,,,,,,,,,,,,,,,,,
,,,,,,,,,,,,,,,,,,,,,,,,,
,,,,,,,,,,,,,,,,,,,,,,,,,
,,,,,,,,,,,,,,,,,,,,,,,,,
,,,,,,,,,,,,,,,,,,,,,,,,,
,,,,,,,,,,,,,,,,,,,,,,,,,
,,,,,,,,,,,,,,,,,,,,,,,,,
,,,,,,,,,,,,,,,,,,,,,,,,,
,,,,,,,,,,,,,,,,,,,,,,,,,
,,,,,,,,,,,,,,,,,,,,,,,,,
,,,,,,,,,,,,,,,,,,,,,,,,,
,,,,,,,,,,,,,,,,,,,,,,,,,
,,,,,,,,,,,,,,,,,,,,,,,,,
,,,,,,,,,,,,,,,,,,,,,,,,,
,,,,,,,,,,,,,,,,,,,,,,,,,
,,,,,,,,,,,,,,,,,,,,,,,,,
,,,,,,,,,,,,,,,,,,,,,,,,,
,,,,,,,,,,,,,,,,,,,,,,,,,
,,,,,,,,,,,,,,,,,,,,,,,,,
,,,,,,,,,,,,,,,,,,,,,,,,,
,,,,,,,,,,,,,,,,,,,,,,,,,
,,,,,,,,,,,,,,,,,,,,,,,,,
,,,,,,,,,,,,,,,,,,,,,,,,,
,,,,,,,,,,,,,,,,,,,,,,,,,
,,,,,,,,,,,,,,,,,,,,,,,,,
,,,,,,,,,,,,,,,,,,,,,,,,,
,,,,,,,,,,,,,,,,,,,,,,,,,
,,,,,,,,,,,,,,,,,,,,,,,,,
,,,,,,,,,,,,,,,,,,,,,,,,,
,,,,,,,,,,,,,,,,,,,,,,,,,
,,,,,,,,,,,,,,,,,,,,,,,,,
,,,,,,,,,,,,,,,,,,,,,,,,,
,,,,,,,,,,,,,,,,,,,,,,,,,
,,,,,,,,,,,,,,,,,,,,,,,,,
,,,,,,,,,,,,,,,,,,,,,,,,,
,,,,,,,,,,,,,,,,,,,,,,,,,
,,,,,,,,,,,,,,,,,,,,,,,,,
,,,,,,,,,,,,,,,,,,,,,,,,,
,,,,,,,,,,,,,,,,,,,,,,,,,
,,,,,,,,,,,,,,,,,,,,,,,,,
,,,,,,,,,,,,,,,,,,,,,,,,,
,,,,,,,,,,,,,,,,,,,,,,,,,
,,,,,,,,,,,,,,,,,,,,,,,,,
,,,,,,,,,,,,,,,,,,,,,,,,,
,,,,,,,,,,,,,,,,,,,,,,,,,
,,,,,,,,,,,,,,,,,,,,,,,,,
,,,,,,,,,,,,,,,,,,,,,,,,,
,,,,,,,,,,,,,,,,,,,,,,,,,
,,,,,,,,,,,,,,,,,,,,,,,,,
,,,,,,,,,,,,,,,,,,,,,,,,,
,,,,,,,,,,,,,,,,,,,,,,,,,
,,,,,,,,,,,,,,,,,,,,,,,,,
,,,,,,,,,,,,,,,,,,,,,,,,,
,,,,,,,,,,,,,,,,,,,,,,,,,
,,,,,,,,,,,,,,,,,,,,,,,,,
,,,,,,,,,,,,,,,,,,,,,,,,,
,,,,,,,,,,,,,,,,,,,,,,,,,
,,,,,,,,,,,,,,,,,,,,,,,,,
,,,,,,,,,,,,,,,,,,,,,,,,,
,,,,,,,,,,,,,,,,,,,,,,,,,
,,,,,,,,,,,,,,,,,,,,,,,,,
,,,,,,,,,,,,,,,,,,,,,,,,,
,,,,,,,,,,,,,,,,,,,,,,,,,
,,,,,,,,,,,,,,,,,,,,,,,,,
,,,,,,,,,,,,,,,,,,,,,,,,,
,,,,,,,,,,,,,,,,,,,,,,,,,
,,,,,,,,,,,,,,,,,,,,,,,,,
,,,,,,,,,,,,,,,,,,,,,,,,,
,,,,,,,,,,,,,,,,,,,,,,,,,
,,,,,,,,,,,,,,,,,,,,,,,,,
,,,,,,,,,,,,,,,,,,,,,,,,,
,,,,,,,,,,,,,,,,,,,,,,,,,
,,,,,,,,,,,,,,,,,,,,,,,,,
,,,,,,,,,,,,,,,,,,,,,,,,,
,,,,,,,,,,,,,,,,,,,,,,,,,
,,,,,,,,,,,,,,,,,,,,,,,,,
,,,,,,,,,,,,,,,,,,,,,,,,,
,,,,,,,,,,,,,,,,,,,,,,,,,
,,,,,,,,,,,,,,,,,,,,,,,,,
,,,,,,,,,,,,,,,,,,,,,,,,,
,,,,,,,,,,,,,,,,,,,,,,,,,
,,,,,,,,,,,,,,,,,,,,,,,,,
,,,,,,,,,,,,,,,,,,,,,,,,,
,,,,,,,,,,,,,,,,,,,,,,,,,
,,,,,,,,,,,,,,,,,,,,,,,,,
,,,,,,,,,,,,,,,,,,,,,,,,,
,,,,,,,,,,,,,,,,,,,,,,,,,
,,,,,,,,,,,,,,,,,,,,,,,,,
,,,,,,,,,,,,,,,,,,,,,,,,,
,,,,,,,,,,,,,,,,,,,,,,,,,
,,,,,,,,,,,,,,,,,,,,,,,,,
,,,,,,,,,,,,,,,,,,,,,,,,,
,,,,,,,,,,,,,,,,,,,,,,,,,
,,,,,,,,,,,,,,,,,,,,,,,,,
,,,,,,,,,,,,,,,,,,,,,,,,,
,,,,,,,,,,,,,,,,,,,,,,,,,
,,,,,,,,,,,,,,,,,,,,,,,,,
,,,,,,,,,,,,,,,,,,,,,,,,,
,,,,,,,,,,,,,,,,,,,,,,,,,
,,,,,,,,,,,,,,,,,,,,,,,,,
,,,,,,,,,,,,,,,,,,,,,,,,,
,,,,,,,,,,,,,,,,,,,,,,,,,
,,,,,,,,,,,,,,,,,,,,,,,,,
,,,,,,,,,,,,,,,,,,,,,,,,,
,,,,,,,,,,,,,,,,,,,,,,,,,
,,,,,,,,,,,,,,,,,,,,,,,,,
,,,,,,,,,,,,,,,,,,,,,,,,,
,,,,,,,,,,,,,,,,,,,,,,,,,
,,,,,,,,,,,,,,,,,,,,,,,,,
,,,,,,,,,,,,,,,,,,,,,,,,,
,,,,,,,,,,,,,,,,,,,,,,,,,
,,,,,,,,,,,,,,,,,,,,,,,,,
,,,,,,,,,,,,,,,,,,,,,,,,,
,,,,,,,,,,,,,,,,,,,,,,,,,
,,,,,,,,,,,,,,,,,,,,,,,,,
,,,,,,,,,,,,,,,,,,,,,,,,,
,,,,,,,,,,,,,,,,,,,,,,,,,
,,,,,,,,,,,,,,,,,,,,,,,,,
,,,,,,,,,,,,,,,,,,,,,,,,,
,,,,,,,,,,,,,,,,,,,,,,,,,
,,,,,,,,,,,,,,,,,,,,,,,,,
,,,,,,,,,,,,,,,,,,,,,,,,,
,,,,,,,,,,,,,,,,,,,,,,,,,
,,,,,,,,,,,,,,,,,,,,,,,,,
,,,,,,,,,,,,,,,,,,,,,,,,,
,,,,,,,,,,,,,,,,,,,,,,,,,
,,,,,,,,,,,,,,,,,,,,,,,,,
,,,,,,,,,,,,,,,,,,,,,,,,,
,,,,,,,,,,,,,,,,,,,,,,,,,
,,,,,,,,,,,,,,,,,,,,,,,,,
,,,,,,,,,,,,,,,,,,,,,,,,,
,,,,,,,,,,,,,,,,,,,,,,,,,
,,,,,,,,,,,,,,,,,,,,,,,,,
,,,,,,,,,,,,,,,,,,,,,,,,,
,,,,,,,,,,,,,,,,,,,,,,,,,
,,,,,,,,,,,,,,,,,,,,,,,,,
,,,,,,,,,,,,,,,,,,,,,,,,,
,,,,,,,,,,,,,,,,,,,,,,,,,
,,,,,,,,,,,,,,,,,,,,,,,,,
,,,,,,,,,,,,,,,,,,,,,,,,,
,,,,,,,,,,,,,,,,,,,,,,,,,
,,,,,,,,,,,,,,,,,,,,,,,,,
,,,,,,,,,,,,,,,,,,,,,,,,,
,,,,,,,,,,,,,,,,,,,,,,,,,
,,,,,,,,,,,,,,,,,,,,,,,,,
,,,,,,,,,,,,,,,,,,,,,,,,,
,,,,,,,,,,,,,,,,,,,,,,,,,
,,,,,,,,,,,,,,,,,,,,,,,,,
,,,,,,,,,,,,,,,,,,,,,,,,,
,,,,,,,,,,,,,,,,,,,,,,,,,
,,,,,,,,,,,,,,,,,,,,,,,,,
,,,,,,,,,,,,,,,,,,,,,,,,,
,,,,,,,,,,,,,,,,,,,,,,,,,
,,,,,,,,,,,,,,,,,,,,,,,,,
,,,,,,,,,,,,,,,,,,,,,,,,,
,,,,,,,,,,,,,,,,,,,,,,,,,
,,,,,,,,,,,,,,,,,,,,,,,,,
,,,,,,,,,,,,,,,,,,,,,,,,,
,,,,,,,,,,,,,,,,,,,,,,,,,
,,,,,,,,,,,,,,,,,,,,,,,,,
,,,,,,,,,,,,,,,,,,,,,,,,,
,,,,,,,,,,,,,,,,,,,,,,,,,
,,,,,,,,,,,,,,,,,,,,,,,,,
,,,,,,,,,,,,,,,,,,,,,,,,,
,,,,,,,,,,,,,,,,,,,,,,,,,
,,,,,,,,,,,,,,,,,,,,,,,,,
,,,,,,,,,,,,,,,,,,,,,,,,,
,,,,,,,,,,,,,,,,,,,,,,,,,
,,,,,,,,,,,,,,,,,,,,,,,,,
,,,,,,,,,,,,,,,,,,,,,,,,,
,,,,,,,,,,,,,,,,,,,,,,,,,
,,,,,,,,,,,,,,,,,,,,,,,,,
,,,,,,,,,,,,,,,,,,,,,,,,,
,,,,,,,,,,,,,,,,,,,,,,,,,
,,,,,,,,,,,,,,,,,,,,,,,,,
,,,,,,,,,,,,,,,,,,,,,,,,,
,,,,,,,,,,,,,,,,,,,,,,,,,
,,,,,,,,,,,,,,,,,,,,,,,,,
,,,,,,,,,,,,,,,,,,,,,,,,,
,,,,,,,,,,,,,,,,,,,,,,,,,
,,,,,,,,,,,,,,,,,,,,,,,,,
,,,,,,,,,,,,,,,,,,,,,,,,,
,,,,,,,,,,,,,,,,,,,,,,,,,
,,,,,,,,,,,,,,,,,,,,,,,,,
,,,,,,,,,,,,,,,,,,,,,,,,,
,,,,,,,,,,,,,,,,,,,,,,,,,
,,,,,,,,,,,,,,,,,,,,,,,,,
,,,,,,,,,,,,,,,,,,,,,,,,,
,,,,,,,,,,,,,,,,,,,,,,,,,
,,,,,,,,,,,,,,,,,,,,,,,,,
,,,,,,,,,,,,,,,,,,,,,,,,,
,,,,,,,,,,,,,,,,,,,,,,,,,
,,,,,,,,,,,,,,,,,,,,,,,,,
,,,,,,,,,,,,,,,,,,,,,,,,,
,,,,,,,,,,,,,,,,,,,,,,,,,
,,,,,,,,,,,,,,,,,,,,,,,,,
,,,,,,,,,,,,,,,,,,,,,,,,,
,,,,,,,,,,,,,,,,,,,,,,,,,
,,,,,,,,,,,,,,,,,,,,,,,,,
,,,,,,,,,,,,,,,,,,,,,,,,,
,,,,,,,,,,,,,,,,,,,,,,,,,
,,,,,,,,,,,,,,,,,,,,,,,,,
,,,,,,,,,,,,,,,,,,,,,,,,,
,,,,,,,,,,,,,,,,,,,,,,,,,
,,,,,,,,,,,,,,,,,,,,,,,,,
,,,,,,,,,,,,,,,,,,,,,,,,,
,,,,,,,,,,,,,,,,,,,,,,,,,
,,,,,,,,,,,,,,,,,,,,,,,,,
,,,,,,,,,,,,,,,,,,,,,,,,,
,,,,,,,,,,,,,,,,,,,,,,,,,
,,,,,,,,,,,,,,,,,,,,,,,,,
,,,,,,,,,,,,,,,,,,,,,,,,,
,,,,,,,,,,,,,,,,,,,,,,,,,
,,,,,,,,,,,,,,,,,,,,,,,,,
,,,,,,,,,,,,,,,,,,,,,,,,,
,,,,,,,,,,,,,,,,,,,,,,,,,
,,,,,,,,,,,,,,,,,,,,,,,,,
,,,,,,,,,,,,,,,,,,,,,,,,,
,,,,,,,,,,,,,,,,,,,,,,,,,
,,,,,,,,,,,,,,,,,,,,,,,,,
,,,,,,,,,,,,,,,,,,,,,,,,,
,,,,,,,,,,,,,,,,,,,,,,,,,
,,,,,,,,,,,,,,,,,,,,,,,,,
,,,,,,,,,,,,,,,,,,,,,,,,,
,,,,,,,,,,,,,,,,,,,,,,,,,
,,,,,,,,,,,,,,,,,,,,,,,,,
,,,,,,,,,,,,,,,,,,,,,,,,,
,,,,,,,,,,,,,,,,,,,,,,,,,
,,,,,,,,,,,,,,,,,,,,,,,,,
,,,,,,,,,,,,,,,,,,,,,,,,,
,,,,,,,,,,,,,,,,,,,,,,,,,
,,,,,,,,,,,,,,,,,,,,,,,,,
,,,,,,,,,,,,,,,,,,,,,,,,,
,,,,,,,,,,,,,,,,,,,,,,,,,
,,,,,,,,,,,,,,,,,,,,,,,,,
,,,,,,,,,,,,,,,,,,,,,,,,,
,,,,,,,,,,,,,,,,,,,,,,,,,
,,,,,,,,,,,,,,,,,,,,,,,,,
,,,,,,,,,,,,,,,,,,,,,,,,,
,,,,,,,,,,,,,,,,,,,,,,,,,
,,,,,,,,,,,,,,,,,,,,,,,,,
,,,,,,,,,,,,,,,,,,,,,,,,,
,,,,,,,,,,,,,,,,,,,,,,,,,
,,,,,,,,,,,,,,,,,,,,,,,,,
,,,,,,,,,,,,,,,,,,,,,,,,,
,,,,,,,,,,,,,,,,,,,,,,,,,
,,,,,,,,,,,,,,,,,,,,,,,,,
,,,,,,,,,,,,,,,,,,,,,,,,,
,,,,,,,,,,,,,,,,,,,,,,,,,
,,,,,,,,,,,,,,,,,,,,,,,,,
,,,,,,,,,,,,,,,,,,,,,,,,,
,,,,,,,,,,,,,,,,,,,,,,,,,
,,,,,,,,,,,,,,,,,,,,,,,,,
,,,,,,,,,,,,,,,,,,,,,,,,,
,,,,,,,,,,,,,,,,,,,,,,,,,
,,,,,,,,,,,,,,,,,,,,,,,,,
,,,,,,,,,,,,,,,,,,,,,,,,,
,,,,,,,,,,,,,,,,,,,,,,,,,
,,,,,,,,,,,,,,,,,,,,,,,,,
,,,,,,,,,,,,,,,,,,,,,,,,,
,,,,,,,,,,,,,,,,,,,,,,,,,
,,,,,,,,,,,,,,,,,,,,,,,,,
,,,,,,,,,,,,,,,,,,,,,,,,,
,,,,,,,,,,,,,,,,,,,,,,,,,
,,,,,,,,,,,,,,,,,,,,,,,,,
,,,,,,,,,,,,,,,,,,,,,,,,,
,,,,,,,,,,,,,,,,,,,,,,,,,
,,,,,,,,,,,,,,,,,,,,,,,,,
,,,,,,,,,,,,,,,,,,,,,,,,,
,,,,,,,,,,,,,,,,,,,,,,,,,
,,,,,,,,,,,,,,,,,,,,,,,,,
,,,,,,,,,,,,,,,,,,,,,,,,,
,,,,,,,,,,,,,,,,,,,,,,,,,
,,,,,,,,,,,,,,,,,,,,,,,,,
,,,,,,,,,,,,,,,,,,,,,,,,,
,,,,,,,,,,,,,,,,,,,,,,,,,
,,,,,,,,,,,,,,,,,,,,,,,,,
,,,,,,,,,,,,,,,,,,,,,,,,,
,,,,,,,,,,,,,,,,,,,,,,,,,
,,,,,,,,,,,,,,,,,,,,,,,,,
,,,,,,,,,,,,,,,,,,,,,,,,,
,,,,,,,,,,,,,,,,,,,,,,,,,
,,,,,,,,,,,,,,,,,,,,,,,,,
,,,,,,,,,,,,,,,,,,,,,,,,,
,,,,,,,,,,,,,,,,,,,,,,,,,
,,,,,,,,,,,,,,,,,,,,,,,,,
,,,,,,,,,,,,,,,,,,,,,,,,,
,,,,,,,,,,,,,,,,,,,,,,,,,
,,,,,,,,,,,,,,,,,,,,,,,,,
,,,,,,,,,,,,,,,,,,,,,,,,,
,,,,,,,,,,,,,,,,,,,,,,,,,
,,,,,,,,,,,,,,,,,,,,,,,,,
,,,,,,,,,,,,,,,,,,,,,,,,,
,,,,,,,,,,,,,,,,,,,,,,,,,
,,,,,,,,,,,,,,,,,,,,,,,,,
,,,,,,,,,,,,,,,,,,,,,,,,,
,,,,,,,,,,,,,,,,,,,,,,,,,
,,,,,,,,,,,,,,,,,,,,,,,,,
,,,,,,,,,,,,,,,,,,,,,,,,,
,,,,,,,,,,,,,,,,,,,,,,,,,
,,,,,,,,,,,,,,,,,,,,,,,,,
,,,,,,,,,,,,,,,,,,,,,,,,,
,,,,,,,,,,,,,,,,,,,,,,,,,
,,,,,,,,,,,,,,,,,,,,,,,,,
,,,,,,,,,,,,,,,,,,,,,,,,,
,,,,,,,,,,,,,,,,,,,,,,,,,
,,,,,,,,,,,,,,,,,,,,,,,,,
,,,,,,,,,,,,,,,,,,,,,,,,,
,,,,,,,,,,,,,,,,,,,,,,,,,
,,,,,,,,,,,,,,,,,,,,,,,,,
,,,,,,,,,,,,,,,,,,,,,,,,,
,,,,,,,,,,,,,,,,,,,,,,,,,
,,,,,,,,,,,,,,,,,,,,,,,,,
,,,,,,,,,,,,,,,,,,,,,,,,,
,,,,,,,,,,,,,,,,,,,,,,,,,
,,,,,,,,,,,,,,,,,,,,,,,,,
,,,,,,,,,,,,,,,,,,,,,,,,,
,,,,,,,,,,,,,,,,,,,,,,,,,
,,,,,,,,,,,,,,,,,,,,,,,,,
,,,,,,,,,,,,,,,,,,,,,,,,,
,,,,,,,,,,,,,,,,,,,,,,,,,
,,,,,,,,,,,,,,,,,,,,,,,,,
,,,,,,,,,,,,,,,,,,,,,,,,,
,,,,,,,,,,,,,,,,,,,,,,,,,
,,,,,,,,,,,,,,,,,,,,,,,,,
,,,,,,,,,,,,,,,,,,,,,,,,,
,,,,,,,,,,,,,,,,,,,,,,,,,
,,,,,,,,,,,,,,,,,,,,,,,,,
,,,,,,,,,,,,,,,,,,,,,,,,,
,,,,,,,,,,,,,,,,,,,,,,,,,
,,,,,,,,,,,,,,,,,,,,,,,,,
,,,,,,,,,,,,,,,,,,,,,,,,,
,,,,,,,,,,,,,,,,,,,,,,,,,
,,,,,,,,,,,,,,,,,,,,,,,,,
,,,,,,,,,,,,,,,,,,,,,,,,,
,,,,,,,,,,,,,,,,,,,,,,,,,
,,,,,,,,,,,,,,,,,,,,,,,,,
,,,,,,,,,,,,,,,,,,,,,,,,,
,,,,,,,,,,,,,,,,,,,,,,,,,
,,,,,,,,,,,,,,,,,,,,,,,,,
,,,,,,,,,,,,,,,,,,,,,,,,,
,,,,,,,,,,,,,,,,,,,,,,,,,
,,,,,,,,,,,,,,,,,,,,,,,,,
,,,,,,,,,,,,,,,,,,,,,,,,,
,,,,,,,,,,,,,,,,,,,,,,,,,
,,,,,,,,,,,,,,,,,,,,,,,,,
,,,,,,,,,,,,,,,,,,,,,,,,,
,,,,,,,,,,,,,,,,,,,,,,,,,
,,,,,,,,,,,,,,,,,,,,,,,,,
,,,,,,,,,,,,,,,,,,,,,,,,,
,,,,,,,,,,,,,,,,,,,,,,,,,
,,,,,,,,,,,,,,,,,,,,,,,,,
,,,,,,,,,,,,,,,,,,,,,,,,,
,,,,,,,,,,,,,,,,,,,,,,,,,
,,,,,,,,,,,,,,,,,,,,,,,,,
,,,,,,,,,,,,,,,,,,,,,,,,,
,,,,,,,,,,,,,,,,,,,,,,,,,
,,,,,,,,,,,,,,,,,,,,,,,,,
,,,,,,,,,,,,,,,,,,,,,,,,,
,,,,,,,,,,,,,,,,,,,,,,,,,
,,,,,,,,,,,,,,,,,,,,,,,,,
,,,,,,,,,,,,,,,,,,,,,,,,,
,,,,,,,,,,,,,,,,,,,,,,,,,
,,,,,,,,,,,,,,,,,,,,,,,,,
,,,,,,,,,,,,,,,,,,,,,,,,,
,,,,,,,,,,,,,,,,,,,,,,,,,
,,,,,,,,,,,,,,,,,,,,,,,,,
,,,,,,,,,,,,,,,,,,,,,,,,,
,,,,,,,,,,,,,,,,,,,,,,,,,
,,,,,,,,,,,,,,,,,,,,,,,,,
,,,,,,,,,,,,,,,,,,,,,,,,,
,,,,,,,,,,,,,,,,,,,,,,,,,
,,,,,,,,,,,,,,,,,,,,,,,,,
,,,,,,,,,,,,,,,,,,,,,,,,,
,,,,,,,,,,,,,,,,,,,,,,,,,
,,,,,,,,,,,,,,,,,,,,,,,,,
,,,,,,,,,,,,,,,,,,,,,,,,,
,,,,,,,,,,,,,,,,,,,,,,,,,
,,,,,,,,,,,,,,,,,,,,,,,,,
,,,,,,,,,,,,,,,,,,,,,,,,,
,,,,,,,,,,,,,,,,,,,,,,,,,
,,,,,,,,,,,,,,,,,,,,,,,,,
,,,,,,,,,,,,,,,,,,,,,,,,,
,,,,,,,,,,,,,,,,,,,,,,,,,
,,,,,,,,,,,,,,,,,,,,,,,,,
,,,,,,,,,,,,,,,,,,,,,,,,,
,,,,,,,,,,,,,,,,,,,,,,,,,
,,,,,,,,,,,,,,,,,,,,,,,,,
,,,,,,,,,,,,,,,,,,,,,,,,,
,,,,,,,,,,,,,,,,,,,,,,,,,
,,,,,,,,,,,,,,,,,,,,,,,,,
,,,,,,,,,,,,,,,,,,,,,,,,,
,,,,,,,,,,,,,,,,,,,,,,,,,
,,,,,,,,,,,,,,,,,,,,,,,,,
,,,,,,,,,,,,,,,,,,,,,,,,,
,,,,,,,,,,,,,,,,,,,,,,,,,
,,,,,,,,,,,,,,,,,,,,,,,,,
,,,,,,,,,,,,,,,,,,,,,,,,,
,,,,,,,,,,,,,,,,,,,,,,,,,
,,,,,,,,,,,,,,,,,,,,,,,,,
,,,,,,,,,,,,,,,,,,,,,,,,,
,,,,,,,,,,,,,,,,,,,,,,,,,
,,,,,,,,,,,,,,,,,,,,,,,,,
,,,,,,,,,,,,,,,,,,,,,,,,,
,,,,,,,,,,,,,,,,,,,,,,,,,
,,,,,,,,,,,,,,,,,,,,,,,,,
,,,,,,,,,,,,,,,,,,,,,,,,,
,,,,,,,,,,,,,,,,,,,,,,,,,
,,,,,,,,,,,,,,,,,,,,,,,,,
,,,,,,,,,,,,,,,,,,,,,,,,,
,,,,,,,,,,,,,,,,,,,,,,,,,
,,,,,,,,,,,,,,,,,,,,,,,,,
,,,,,,,,,,,,,,,,,,,,,,,,,
,,,,,,,,,,,,,,,,,,,,,,,,,
,,,,,,,,,,,,,,,,,,,,,,,,,
,,,,,,,,,,,,,,,,,,,,,,,,,
,,,,,,,,,,,,,,,,,,,,,,,,,
,,,,,,,,,,,,,,,,,,,,,,,,,
,,,,,,,,,,,,,,,,,,,,,,,,,
,,,,,,,,,,,,,,,,,,,,,,,,,
,,,,,,,,,,,,,,,,,,,,,,,,,
,,,,,,,,,,,,,,,,,,,,,,,,,
,,,,,,,,,,,,,,,,,,,,,,,,,
,,,,,,,,,,,,,,,,,,,,,,,,,
,,,,,,,,,,,,,,,,,,,,,,,,,
,,,,,,,,,,,,,,,,,,,,,,,,,
,,,,,,,,,,,,,,,,,,,,,,,,,
,,,,,,,,,,,,,,,,,,,,,,,,,
,,,,,,,,,,,,,,,,,,,,,,,,,
,,,,,,,,,,,,,,,,,,,,,,,,,
,,,,,,,,,,,,,,,,,,,,,,,,,
,,,,,,,,,,,,,,,,,,,,,,,,,
,,,,,,,,,,,,,,,,,,,,,,,,,
,,,,,,,,,,,,,,,,,,,,,,,,,
,,,,,,,,,,,,,,,,,,,,,,,,,
,,,,,,,,,,,,,,,,,,,,,,,,,
,,,,,,,,,,,,,,,,,,,,,,,,,
,,,,,,,,,,,,,,,,,,,,,,,,,
,,,,,,,,,,,,,,,,,,,,,,,,,
,,,,,,,,,,,,,,,,,,,,,,,,,